name,ndex,height,weight,color,type1,type2
Raichu,#026,0.8 m,30.0 kg,Yellow,Electric,Unknown
Sandshrew,#027,0.6 m,12.0 kg,Yellow,Ground,Unknown
Fearow,#022,1.2 m,38.0 kg,Brown,Normal,Flying
Arbok,#024,3.5 m,65.0 kg,Purple,Poison,Unknown
Pidgey,#016,0.3 m,1.8 kg,Brown,Normal,Flying
Ekans,#023,2.0 m,6.9 kg,Purple,Poison,Unknown
Rattata,#019,0.3 m,3.5 kg,Purple,Normal,Unknown
Pidgeot,#018,1.5 m,39.5 kg,Brown,Normal,Flying
Spearow,#021,0.3 m,2.0 kg,Brown,Normal,Flying
Pikachu,#025,0.4 m,6.0 kg,Yellow,Electric,Unknown
Raticate,#020,0.7 m,18.5 kg,Brown,Normal,Unknown
Pidgeotto,#017,1.1 m,30.0 kg,Brown,Normal,Flying
Beedrill,#015,1.0 m,29.5 kg,Yellow,Bug,Poison
Kakuna,#014,0.6 m,10.0 kg,Yellow,Bug,Poison
Weedle,#013,0.3 m,3.2 kg,Brown,Bug,Poison
Calyrex,#898,1.1 m,7.7 kg,Green,Psychic,Grass
Spectrier,#897,2.0 m,44.5 kg,Black,Ghost,Unknown
Glastrier,#896,2.2 m,800.0 kg,White,Ice,Unknown
Regidrago,#895,2.1 m,200.0 kg,Green,Dragon,Unknown
Regieleki,#894,1.2 m,145.0 kg,Yellow,Electric,Unknown
Zamazenta,#889,2.9 m,210.0 kg,Red,Fighting,Unknown
Zarude,#893,1.8 m,70.0 kg,Black,Dark,Grass
Urshifu,#892,1.9 m,105.0 kg,Gray,Fighting,Dark
Kubfu,#891,0.6 m,12.0 kg,Gray,Fighting,Unknown
Eternatus,#890,20.0 m,950.0 kg,Purple,Poison,Dragon
Zacian,#888,2.8 m,110.0 kg,Blue,Fairy,Unknown
Dragapult,#887,3.0 m,50.0 kg,Green,Dragon,Ghost
Drakloak,#886,1.4 m,11.0 kg,Green,Dragon,Ghost
Dreepy,#885,0.5 m,2.0 kg,Green,Dragon,Ghost
Duraludon,#884,1.8 m,40.0 kg,White,Steel,Dragon
Arctovish,#883,2.0 m,175.0 kg,Blue,Water,Ice
Dracovish,#882,2.3 m,215.0 kg,Green,Water,Dragon
Arctozolt,#881,2.3 m,150.0 kg,Blue,Electric,Ice
Dracozolt,#880,1.8 m,190.0 kg,Green,Electric,Dragon
Copperajah,#879,3.0 m,650.0 kg,Green,Steel,Unknown
Cufant,#878,1.2 m,100.0 kg,Yellow,Steel,Unknown
Morpeko,#877,0.3 m,3.0 kg,Yellow,Electric,Dark
Indeedee,#876,0.9 m,28.0 kg,Purple,Psychic,Normal
Eiscue,#875,1.4 m,89.0 kg,Blue,Ice,Unknown
Frosmoth,#873,1.3 m,42.0 kg,White,Ice,Bug
Stonjourner,#874,2.5 m,520.0 kg,Gray,Rock,Unknown
Snom,#872,0.3 m,3.8 kg,White,Ice,Bug
Pincurchin,#871,0.3 m,1.0 kg,Purple,Electric,Unknown
Falinks,#870,3.0 m,62.0 kg,Yellow,Fighting,Unknown
Alcremie,#869,0.3 m,0.5 kg,White,Fairy,Unknown
Mr. Rime,#866,1.5 m,58.2 kg,Purple,Ice,Psychic
Cursola,#864,1.0 m,0.4 kg,White,Ghost,Unknown
Perrserker,#863,0.8 m,28.0 kg,Brown,Steel,Unknown
Grimmsnarl,#861,1.5 m,61.0 kg,Purple,Dark,Fairy
Milcery,#868,0.2 m,0.3 kg,White,Fairy,Unknown
Runerigus,#867,1.6 m,66.6 kg,Gray,Ground,Ghost
Sirfetch'd,#865,0.8 m,117.0 kg,White,Fighting,Unknown
Morgrem,#860,0.8 m,12.5 kg,Pink,Dark,Fairy
Impidimp,#859,0.4 m,5.5 kg,Pink,Dark,Fairy
Hatterene,#858,2.1 m,5.1 kg,Pink,Psychic,Fairy
Hattrem,#857,0.6 m,4.8 kg,Pink,Psychic,Unknown
Polteageist,#855,0.2 m,0.4 kg,Purple,Ghost,Unknown
Sinistea,#854,0.1 m,0.2 kg,Purple,Ghost,Unknown
Grapploct,#853,1.6 m,39.0 kg,Blue,Fighting,Unknown
Hatenna,#856,0.4 m,3.4 kg,Pink,Psychic,Unknown
Obstagoon,#862,1.6 m,46.0 kg,Gray,Dark,Normal
Clobbopus,#852,0.6 m,4.0 kg,Brown,Fighting,Unknown
Centiskorch,#851,3.0 m,120.0 kg,Red,Fire,Bug
Arrokuda,#846,0.5 m,1.0 kg,Brown,Water,Unknown
Toxtricity,#849,1.6 m,40.0 kg,Purple,Electric,Poison
Toxel,#848,0.4 m,11.0 kg,Purple,Electric,Poison
Cramorant,#845,0.8 m,18.0 kg,Blue,Flying,Water
Sizzlipede,#850,0.7 m,1.0 kg,Red,Fire,Bug
Appletun,#842,0.4 m,13.0 kg,Green,Grass,Dragon
Silicobra,#843,2.2 m,7.6 kg,Green,Ground,Unknown
Sandaconda,#844,3.8 m,65.5 kg,Green,Ground,Unknown
Coalossal,#839,2.8 m,310.5 kg,Black,Rock,Fire
Carkol,#838,1.1 m,78.0 kg,Black,Rock,Fire
Barraskewda,#847,1.3 m,30.0 kg,Brown,Water,Unknown
Boltund,#836,1.0 m,34.0 kg,Yellow,Electric,Unknown
Yamper,#835,0.3 m,13.5 kg,Yellow,Electric,Unknown
Drednaw,#834,1.0 m,115.5 kg,Green,Water,Rock
Rolycoly,#837,0.3 m,12.0 kg,Black,Rock,Unknown
Flapple,#841,0.3 m,1.0 kg,Green,Grass,Dragon
Applin,#840,0.2 m,0.5 kg,Green,Grass,Dragon
Dubwool,#832,1.3 m,43.0 kg,White,Normal,Unknown
Chewtle,#833,0.3 m,8.5 kg,Green,Water,Unknown
Gossifleur,#829,0.4 m,2.2 kg,Green,Grass,Unknown
Thievul,#828,1.2 m,19.9 kg,Brown,Dark,Unknown
Wooloo,#831,0.6 m,6.0 kg,White,Normal,Unknown
Dottler,#825,0.4 m,19.5 kg,Yellow,Bug,Psychic
Blipbug,#824,0.4 m,8.0 kg,Blue,Bug,Unknown
Eldegoss,#830,0.5 m,2.5 kg,Green,Grass,Unknown
Corviknight,#823,2.2 m,75.0 kg,Purple,Flying,Steel
Corvisquire,#822,0.8 m,16.0 kg,Blue,Flying,Unknown
Nickit,#827,0.6 m,8.9 kg,Brown,Dark,Unknown
Orbeetle,#826,0.4 m,40.8 kg,Red,Bug,Psychic
Skwovet,#819,0.3 m,2.5 kg,Brown,Normal,Unknown
Rookidee,#821,0.2 m,1.8 kg,Blue,Flying,Unknown
Greedent,#820,0.6 m,6.0 kg,Brown,Normal,Unknown
Drizzile,#817,0.7 m,11.5 kg,Blue,Water,Unknown
Scorbunny,#813,0.3 m,4.5 kg,White,Fire,Unknown
Cinderace,#815,1.4 m,33.0 kg,White,Fire,Unknown
Raboot,#814,0.6 m,9.0 kg,Gray,Fire,Unknown
Rillaboom,#812,2.1 m,90.0 kg,Green,Grass,Unknown
Inteleon,#818,1.9 m,45.2 kg,Blue,Water,Unknown
Thwackey,#811,0.7 m,14.0 kg,Green,Grass,Unknown
Sobble,#816,0.3 m,4.0 kg,Blue,Water,Unknown
Blacephalon,#806,1.8 m,13.0 kg,White,Fire,Ghost
Stakataka,#805,5.5 m,820.0 kg,Gray,Rock,Steel
Grookey,#810,0.3 m,5.0 kg,Green,Grass,Unknown
Melmetal,#809,2.5 m,800.0 kg,Gray,Steel,Unknown
Poipole,#803,0.6 m,1.8 kg,Purple,Poison,Unknown
Zeraora,#807,1.5 m,44.5 kg,Yellow,Electric,Unknown
Meltan,#808,0.2 m,8.0 kg,Gray,Steel,Unknown
Magearna,#801,1.0 m,80.5 kg,Gray,Steel,Fairy
Kartana,#798,0.3 m,0.1 kg,White,Grass,Steel
Guzzlord,#799,5.5 m,888.0 kg,Black,Dark,Dragon
Necrozma,#800,2.4 m,230.0 kg,Black,Psychic,Unknown
Xurkitree,#796,3.8 m,100.0 kg,Black,Electric,Unknown
Celesteela,#797,9.2 m,999.9 kg,Green,Steel,Flying
Marshadow,#802,0.7 m,22.2 kg,Gray,Fighting,Ghost
Buzzwole,#794,2.4 m,333.6 kg,Red,Bug,Fighting
Solgaleo,#791,3.4 m,230.0 kg,White,Psychic,Steel
Nihilego,#793,1.2 m,55.5 kg,White,Rock,Poison
Cosmog,#789,0.2 m,0.1 kg,Blue,Psychic,Unknown
Pheromosa,#795,1.8 m,25.0 kg,White,Bug,Fighting
Cosmoem,#790,0.1 m,999.9 kg,Blue,Psychic,Unknown
Lunala,#792,4.0 m,120.0 kg,Purple,Psychic,Ghost
Tapu Lele,#786,1.2 m,18.6 kg,Pink,Psychic,Fairy
Tapu Fini,#788,1.3 m,21.2 kg,Purple,Water,Fairy
Tapu Bulu,#787,1.9 m,45.5 kg,Red,Grass,Fairy
Tapu Koko,#785,1.8 m,20.5 kg,Yellow,Electric,Fairy
Kommo-o,#784,1.6 m,78.2 kg,Gray,Dragon,Fighting
Hakamo-o,#783,1.2 m,47.0 kg,Gray,Dragon,Fighting
Jangmo-o,#782,0.6 m,29.7 kg,Gray,Dragon,Unknown
Dhelmise,#781,3.9 m,210.0 kg,Green,Ghost,Grass
Bruxish,#779,0.9 m,19.0 kg,Pink,Water,Psychic
Mimikyu,#778,0.2 m,0.7 kg,Yellow,Ghost,Fairy
Drampa,#780,3.0 m,185.0 kg,White,Normal,Dragon
Komala,#775,0.4 m,19.9 kg,Blue,Normal,Unknown
Minior,#774,0.3 m,40.0 kg,Brown,Rock,Flying
Silvally,#773,2.3 m,100.5 kg,Gray,Normal,Unknown
Togedemaru,#777,0.3 m,3.3 kg,Gray,Electric,Steel
Turtonator,#776,2.0 m,212.0 kg,Red,Fire,Dragon
Type: Null,#772,1.9 m,120.5 kg,Gray,Normal,Unknown
Pyukumuku,#771,0.3 m,1.2 kg,Black,Water,Unknown
Passimian,#766,2.0 m,82.8 kg,White,Fighting,Unknown
Oranguru,#765,1.5 m,76.0 kg,White,Normal,Psychic
Sandygast,#769,0.5 m,70.0 kg,Brown,Ghost,Ground
Golisopod,#768,2.0 m,108.0 kg,Gray,Bug,Water
Wimpod,#767,0.5 m,12.0 kg,Gray,Bug,Water
Palossand,#770,1.3 m,250.0 kg,Brown,Ghost,Ground
Comfey,#764,0.1 m,0.3 kg,Green,Fairy,Unknown
Tsareena,#763,1.2 m,21.4 kg,Purple,Grass,Unknown
Bounsweet,#761,0.3 m,3.2 kg,Purple,Grass,Unknown
Bewear,#760,2.1 m,135.0 kg,Pink,Normal,Fighting
Salazzle,#758,1.2 m,22.2 kg,Black,Poison,Fire
Salandit,#757,0.6 m,4.8 kg,Black,Poison,Fire
Stufful,#759,0.5 m,6.8 kg,Pink,Normal,Fighting
Shiinotic,#756,1.0 m,11.5 kg,Purple,Grass,Fairy
Morelull,#755,0.2 m,1.5 kg,Purple,Grass,Fairy
Steenee,#762,0.7 m,8.2 kg,Purple,Grass,Unknown
Lurantis,#754,0.9 m,18.5 kg,Pink,Grass,Unknown
Fomantis,#753,0.3 m,1.5 kg,Pink,Grass,Unknown
Mudsdale,#750,2.5 m,920.0 kg,Brown,Ground,Unknown
Araquanid,#752,1.8 m,82.0 kg,Green,Water,Bug
Dewpider,#751,0.3 m,4.0 kg,Green,Water,Bug
Mudbray,#749,1.0 m,110.0 kg,Brown,Ground,Unknown
Toxapex,#748,0.7 m,14.5 kg,Blue,Poison,Water
Mareanie,#747,0.4 m,8.0 kg,Blue,Poison,Water
Wishiwashi,#746,0.2 m,0.3 kg,Blue,Water,Unknown
Rockruff,#744,0.5 m,9.2 kg,Brown,Rock,Unknown
Lycanroc,#745,0.8 m,25.0 kg,Brown,Rock,Unknown
Ribombee,#743,0.2 m,0.5 kg,Yellow,Bug,Fairy
Cutiefly,#742,0.1 m,0.2 kg,Yellow,Bug,Fairy
Oricorio,#741,0.6 m,3.4 kg,Red,Fire,Flying
Crabominable,#740,1.7 m,180.0 kg,White,Fighting,Ice
Yungoos,#734,0.4 m,6.0 kg,Brown,Normal,Unknown
Crabrawler,#739,0.6 m,7.0 kg,Purple,Fighting,Unknown
Charjabug,#737,0.5 m,10.5 kg,Green,Bug,Electric
Grubbin,#736,0.4 m,4.4 kg,Gray,Bug,Unknown
Gumshoos,#735,0.7 m,14.2 kg,Brown,Normal,Unknown
Vikavolt,#738,1.5 m,45.0 kg,Blue,Bug,Electric
Toucannon,#733,1.1 m,26.0 kg,Black,Normal,Flying
Trumbeak,#732,0.6 m,14.8 kg,Black,Normal,Flying
Pikipek,#731,0.3 m,1.2 kg,Black,Normal,Flying
Primarina,#730,1.8 m,44.0 kg,Blue,Water,Fairy
Brionne,#729,0.6 m,17.5 kg,Blue,Water,Unknown
Popplio,#728,0.4 m,7.5 kg,Blue,Water,Unknown
Incineroar,#727,1.8 m,83.0 kg,Red,Fire,Dark
Torracat,#726,0.7 m,25.0 kg,Red,Fire,Unknown
Hoopa,#720,0.5 m,9.0 kg,Purple,Psychic,Ghost
Decidueye,#724,1.6 m,36.6 kg,Brown,Grass,Ghost
Dartrix,#723,0.7 m,16.0 kg,Brown,Grass,Flying
Zygarde,#718,5.0 m,305.0 kg,Green,Dragon,Ground
Yveltal,#717,5.8 m,203.0 kg,Red,Dark,Flying
Litten,#725,0.4 m,4.3 kg,Red,Fire,Unknown
Volcanion,#721,1.7 m,195.0 kg,Brown,Fire,Water
Rowlet,#722,0.3 m,1.5 kg,Brown,Grass,Flying
Noibat,#714,0.5 m,8.0 kg,Purple,Flying,Dragon
Avalugg,#713,2.0 m,505.0 kg,Blue,Ice,Unknown
Diancie,#719,0.7 m,8.8 kg,Pink,Rock,Fairy
Bergmite,#712,1.0 m,99.5 kg,Blue,Ice,Unknown
Xerneas,#716,3.0 m,215.0 kg,Blue,Fairy,Unknown
Noivern,#715,1.5 m,85.0 kg,Purple,Flying,Dragon
Pumpkaboo,#710,0.3 m,3.5 kg,Brown,Ghost,Grass
Trevenant,#709,1.5 m,71.0 kg,Brown,Ghost,Grass
Gourgeist,#711,0.7 m,9.5 kg,Brown,Ghost,Grass
Phantump,#708,0.4 m,7.0 kg,Brown,Ghost,Grass
Klefki,#707,0.2 m,3.0 kg,Gray,Steel,Fairy
Goodra,#706,2.0 m,150.5 kg,Purple,Dragon,Unknown
Sliggoo,#705,0.8 m,17.5 kg,Purple,Dragon,Unknown
Goomy,#704,0.3 m,2.8 kg,Purple,Dragon,Unknown
Carbink,#703,0.3 m,5.7 kg,Gray,Rock,Fairy
Dedenne,#702,0.2 m,2.2 kg,Yellow,Electric,Fairy
Hawlucha,#701,0.8 m,21.5 kg,Green,Fighting,Flying
Sylveon,#700,1.0 m,23.5 kg,Pink,Fairy,Unknown
Aurorus,#699,2.7 m,225.0 kg,Blue,Rock,Ice
Amaura,#698,1.3 m,25.2 kg,Blue,Rock,Ice
Tyrantrum,#697,2.5 m,270.0 kg,Red,Rock,Dragon
Tyrunt,#696,0.8 m,26.0 kg,Brown,Rock,Dragon
Heliolisk,#695,1.0 m,21.0 kg,Yellow,Electric,Normal
Helioptile,#694,0.5 m,6.0 kg,Yellow,Electric,Normal
Clawitzer,#693,1.3 m,35.3 kg,Blue,Water,Unknown
Clauncher,#692,0.5 m,8.3 kg,Blue,Water,Unknown
Dragalge,#691,1.8 m,81.5 kg,Brown,Poison,Dragon
Skrelp,#690,0.5 m,7.3 kg,Brown,Poison,Water
Barbaracle,#689,1.3 m,96.0 kg,Brown,Rock,Water
Binacle,#688,0.5 m,31.0 kg,Brown,Rock,Water
Malamar,#687,1.5 m,47.0 kg,Blue,Dark,Psychic
Slurpuff,#685,0.8 m,5.0 kg,White,Fairy,Unknown
Swirlix,#684,0.4 m,3.5 kg,White,Fairy,Unknown
Aromatisse,#683,0.8 m,15.5 kg,Pink,Fairy,Unknown
Inkay,#686,0.4 m,3.5 kg,Blue,Dark,Psychic
Spritzee,#682,0.2 m,0.5 kg,Pink,Fairy,Unknown
Aegislash,#681,1.7 m,53.0 kg,Brown,Steel,Ghost
Doublade,#680,0.8 m,4.5 kg,Brown,Steel,Ghost
Furfrou,#676,1.2 m,28.0 kg,White,Normal,Unknown
Meowstic,#678,0.6 m,8.5 kg,Blue,Psychic,Unknown
Honedge,#679,0.8 m,2.0 kg,Brown,Steel,Ghost
Pangoro,#675,2.1 m,136.0 kg,White,Fighting,Dark
Espurr,#677,0.3 m,3.5 kg,Gray,Psychic,Unknown
Florges,#671,1.1 m,10.0 kg,White,Fairy,Unknown
Pancham,#674,0.6 m,8.0 kg,White,Fighting,Unknown
Gogoat,#673,1.7 m,91.0 kg,Brown,Grass,Unknown
Skiddo,#672,0.9 m,31.0 kg,Brown,Grass,Unknown
Floette,#670,0.2 m,0.9 kg,White,Fairy,Unknown
Pyroar,#668,1.5 m,81.5 kg,Brown,Fire,Normal
Litleo,#667,0.6 m,13.5 kg,Brown,Fire,Normal
Vivillon,#666,1.2 m,17.0 kg,White,Bug,Flying
Flabébé,#669,0.1 m,0.1 kg,White,Fairy,Unknown
Diggersby,#660,1.0 m,42.4 kg,Brown,Normal,Ground
Spewpa,#665,0.3 m,8.4 kg,Black,Bug,Unknown
Scatterbug,#664,0.3 m,2.5 kg,Black,Bug,Unknown
Fletchling,#661,0.3 m,1.7 kg,Red,Normal,Flying
Bunnelby,#659,0.4 m,5.0 kg,Brown,Normal,Unknown
Talonflame,#663,1.2 m,24.5 kg,Red,Fire,Flying
Fletchinder,#662,0.7 m,16.0 kg,Red,Fire,Flying
Frogadier,#657,0.6 m,10.9 kg,Blue,Water,Unknown
Greninja,#658,1.5 m,40.0 kg,Blue,Water,Dark
Froakie,#656,0.3 m,7.0 kg,Blue,Water,Unknown
Delphox,#655,1.5 m,39.0 kg,Red,Fire,Psychic
Braixen,#654,1.0 m,14.5 kg,Red,Fire,Unknown
Fennekin,#653,0.4 m,9.4 kg,Red,Fire,Unknown
Chesnaught,#652,1.6 m,90.0 kg,Green,Grass,Fighting
Quilladin,#651,0.7 m,29.0 kg,Green,Grass,Unknown
Chespin,#650,0.4 m,9.0 kg,Green,Grass,Unknown
Genesect,#649,1.5 m,82.5 kg,Purple,Bug,Steel
Keldeo,#647,1.4 m,48.5 kg,Yellow,Water,Fighting
Zekrom,#644,2.9 m,345.0 kg,Black,Dragon,Electric
Kyurem,#646,3.0 m,325.0 kg,Gray,Dragon,Ice
Landorus,#645,1.5 m,68.0 kg,Brown,Ground,Flying
Reshiram,#643,3.2 m,330.0 kg,White,Dragon,Fire
Thundurus,#642,1.5 m,61.0 kg,Blue,Electric,Flying
Meloetta,#648,0.6 m,6.5 kg,White,Normal,Psychic
Tornadus,#641,1.5 m,63.0 kg,Green,Flying,Unknown
Zweilous,#634,1.4 m,50.0 kg,Blue,Dark,Dragon
Virizion,#640,2.0 m,200.0 kg,Green,Grass,Fighting
Terrakion,#639,1.9 m,260.0 kg,Gray,Rock,Fighting
Deino,#633,0.8 m,17.3 kg,Blue,Dark,Dragon
Larvesta,#636,1.1 m,28.8 kg,White,Bug,Fire
Cobalion,#638,2.1 m,250.0 kg,Blue,Steel,Fighting
Hydreigon,#635,1.8 m,160.0 kg,Blue,Dark,Dragon
Volcarona,#637,1.6 m,46.0 kg,White,Bug,Fire
Durant,#632,0.3 m,33.0 kg,Gray,Bug,Steel
Heatmor,#631,1.4 m,58.0 kg,Red,Fire,Unknown
Mandibuzz,#630,1.2 m,39.5 kg,Brown,Dark,Flying
Vullaby,#629,0.5 m,9.0 kg,Brown,Dark,Flying
Braviary,#628,1.5 m,41.0 kg,Red,Normal,Flying
Rufflet,#627,0.5 m,10.5 kg,White,Normal,Flying
Bouffalant,#626,1.6 m,94.6 kg,Brown,Normal,Unknown
Bisharp,#625,1.6 m,70.0 kg,Red,Dark,Steel
Pawniard,#624,0.5 m,10.2 kg,Red,Dark,Steel
Golurk,#623,2.8 m,330.0 kg,Green,Ground,Ghost
Golett,#622,1.0 m,92.0 kg,Green,Ground,Ghost
Druddigon,#621,1.6 m,139.0 kg,Red,Dragon,Unknown
Mienshao,#620,1.4 m,35.5 kg,Purple,Fighting,Unknown
Mienfoo,#619,0.9 m,20.0 kg,Yellow,Fighting,Unknown
Stunfisk,#618,0.7 m,11.0 kg,Brown,Ground,Electric
Accelgor,#617,0.8 m,25.3 kg,Red,Bug,Unknown
Shelmet,#616,0.4 m,7.7 kg,Red,Bug,Unknown
Cryogonal,#615,1.1 m,148.0 kg,Blue,Ice,Unknown
Beartic,#614,2.6 m,260.0 kg,White,Ice,Unknown
Cubchoo,#613,0.5 m,8.5 kg,White,Ice,Unknown
Haxorus,#612,1.8 m,105.5 kg,Yellow,Dragon,Unknown
Fraxure,#611,1.0 m,36.0 kg,Green,Dragon,Unknown
Axew,#610,0.6 m,18.0 kg,Green,Dragon,Unknown
Chandelure,#609,1.0 m,34.3 kg,Black,Ghost,Fire
Eelektrik,#603,1.2 m,22.0 kg,Blue,Electric,Unknown
Tynamo,#602,0.2 m,0.3 kg,White,Electric,Unknown
Lampent,#608,0.6 m,13.0 kg,Black,Ghost,Fire
Litwick,#607,0.3 m,3.1 kg,White,Ghost,Fire
Beheeyem,#606,1.0 m,34.5 kg,Brown,Psychic,Unknown
Elgyem,#605,0.5 m,9.0 kg,Blue,Psychic,Unknown
Eelektross,#604,2.1 m,80.5 kg,Blue,Electric,Unknown
Klinklang,#601,0.6 m,81.0 kg,Gray,Steel,Unknown
Klang,#600,0.6 m,51.0 kg,Gray,Steel,Unknown
Klink,#599,0.3 m,21.0 kg,Gray,Steel,Unknown
Ferrothorn,#598,1.0 m,110.0 kg,Gray,Grass,Steel
Ferroseed,#597,0.6 m,18.8 kg,Gray,Grass,Steel
Galvantula,#596,0.8 m,14.3 kg,Yellow,Bug,Electric
Joltik,#595,0.1 m,0.6 kg,Yellow,Bug,Electric
Alomomola,#594,1.2 m,31.6 kg,Pink,Water,Unknown
Frillish,#592,1.2 m,33.0 kg,White,Water,Ghost
Amoonguss,#591,0.6 m,10.5 kg,White,Grass,Poison
Jellicent,#593,2.2 m,135.0 kg,White,Water,Ghost
Foongus,#590,0.2 m,1.0 kg,White,Grass,Poison
Escavalier,#589,1.0 m,33.0 kg,Gray,Bug,Steel
Karrablast,#588,0.5 m,5.9 kg,Blue,Bug,Unknown
Emolga,#587,0.4 m,5.0 kg,White,Electric,Flying
Sawsbuck,#586,1.9 m,92.5 kg,Brown,Normal,Grass
Deerling,#585,0.6 m,19.5 kg,Pink,Normal,Grass
Vanilluxe,#584,1.3 m,57.5 kg,White,Ice,Unknown
Vanillish,#583,1.1 m,41.0 kg,White,Ice,Unknown
Swanna,#581,1.3 m,24.2 kg,White,Water,Flying
Ducklett,#580,0.5 m,5.5 kg,Blue,Water,Flying
Reuniclus,#579,1.0 m,20.1 kg,Green,Psychic,Unknown
Duosion,#578,0.6 m,8.0 kg,Green,Psychic,Unknown
Solosis,#577,0.3 m,1.0 kg,Green,Psychic,Unknown
Gothitelle,#576,1.5 m,44.0 kg,Purple,Psychic,Unknown
Gothorita,#575,0.7 m,18.0 kg,Purple,Psychic,Unknown
Vanillite,#582,0.4 m,5.7 kg,White,Ice,Unknown
Gothita,#574,0.4 m,5.8 kg,Purple,Psychic,Unknown
Minccino,#572,0.4 m,5.8 kg,Gray,Normal,Unknown
Archeops,#567,1.4 m,32.0 kg,Yellow,Rock,Flying
Cinccino,#573,0.5 m,7.5 kg,Gray,Normal,Unknown
Zoroark,#571,1.6 m,81.1 kg,Gray,Dark,Unknown
Zorua,#570,0.7 m,12.5 kg,Gray,Dark,Unknown
Trubbish,#568,0.6 m,31.0 kg,Green,Poison,Unknown
Garbodor,#569,1.9 m,107.3 kg,Green,Poison,Unknown
Tirtouga,#564,0.7 m,16.5 kg,Blue,Water,Rock
Archen,#566,0.5 m,9.5 kg,Yellow,Rock,Flying
Cofagrigus,#563,1.7 m,76.5 kg,Yellow,Ghost,Unknown
Carracosta,#565,1.2 m,81.0 kg,Blue,Water,Rock
Yamask,#562,0.5 m,1.5 kg,Black,Ghost,Unknown
Sigilyph,#561,1.4 m,14.0 kg,Black,Psychic,Flying
Scrafty,#560,1.1 m,30.0 kg,Red,Dark,Fighting
Krookodile,#553,1.5 m,96.3 kg,Red,Ground,Dark
Scraggy,#559,0.6 m,11.8 kg,Yellow,Dark,Fighting
Crustle,#558,1.4 m,200.0 kg,Red,Bug,Rock
Dwebble,#557,0.3 m,14.5 kg,Red,Bug,Rock
Maractus,#556,1.0 m,28.0 kg,Green,Grass,Unknown
Darmanitan,#555,1.3 m,92.9 kg,Red,Fire,Unknown
Darumaka,#554,0.6 m,37.5 kg,Red,Fire,Unknown
Sandile,#551,0.7 m,15.2 kg,Brown,Ground,Dark
Basculin,#550,1.0 m,18.0 kg,Green,Water,Unknown
Krokorok,#552,1.0 m,33.4 kg,Brown,Ground,Dark
Lilligant,#549,1.1 m,16.3 kg,Green,Grass,Unknown
Petilil,#548,0.5 m,6.6 kg,Green,Grass,Unknown
Whimsicott,#547,0.7 m,6.6 kg,Green,Grass,Fairy
Cottonee,#546,0.3 m,0.6 kg,Green,Grass,Fairy
Scolipede,#545,2.5 m,200.5 kg,Red,Bug,Poison
Whirlipede,#544,1.2 m,58.5 kg,Gray,Bug,Poison
Venipede,#543,0.4 m,5.3 kg,Red,Bug,Poison
Leavanny,#542,1.2 m,20.5 kg,Yellow,Bug,Grass
Throh,#538,1.3 m,55.5 kg,Red,Fighting,Unknown
Seismitoad,#537,1.5 m,62.0 kg,Blue,Water,Ground
Palpitoad,#536,0.8 m,17.0 kg,Blue,Water,Ground
Tympole,#535,0.5 m,4.5 kg,Blue,Water,Unknown
Conkeldurr,#534,1.4 m,87.0 kg,Brown,Fighting,Unknown
Swadloon,#541,0.5 m,7.3 kg,Green,Bug,Grass
Sewaddle,#540,0.3 m,2.5 kg,Yellow,Bug,Grass
Sawk,#539,1.4 m,51.0 kg,Blue,Fighting,Unknown
Swoobat,#528,0.9 m,10.5 kg,Blue,Psychic,Flying
Gigalith,#526,1.7 m,260.0 kg,Blue,Rock,Unknown
Gurdurr,#533,1.2 m,40.0 kg,Gray,Fighting,Unknown
Timburr,#532,0.6 m,12.5 kg,Gray,Fighting,Unknown
Audino,#531,1.1 m,31.0 kg,Pink,Normal,Unknown
Excadrill,#530,0.7 m,40.4 kg,Gray,Ground,Steel
Drilbur,#529,0.3 m,8.5 kg,Gray,Ground,Unknown
Boldore,#525,0.9 m,102.0 kg,Blue,Rock,Unknown
Woobat,#527,0.4 m,2.1 kg,Blue,Psychic,Flying
Roggenrola,#524,0.4 m,18.0 kg,Blue,Rock,Unknown
Zebstrika,#523,1.6 m,79.5 kg,Black,Electric,Unknown
Blitzle,#522,0.8 m,29.8 kg,Black,Electric,Unknown
Unfezant,#521,1.2 m,29.0 kg,Gray,Normal,Flying
Tranquill,#520,0.6 m,15.0 kg,Gray,Normal,Flying
Pidove,#519,0.3 m,2.1 kg,Gray,Normal,Flying
Pansear,#513,0.6 m,11.0 kg,Red,Fire,Unknown
Simisage,#512,1.1 m,30.5 kg,Green,Grass,Unknown
Musharna,#518,1.1 m,60.5 kg,Pink,Psychic,Unknown
Munna,#517,0.6 m,23.3 kg,Pink,Psychic,Unknown
Simipour,#516,1.0 m,29.0 kg,Blue,Water,Unknown
Panpour,#515,0.6 m,13.5 kg,Blue,Water,Unknown
Simisear,#514,1.0 m,28.0 kg,Red,Fire,Unknown
Liepard,#510,1.1 m,37.5 kg,Purple,Dark,Unknown
Pansage,#511,0.6 m,10.5 kg,Green,Grass,Unknown
Samurott,#503,1.5 m,94.6 kg,Blue,Water,Unknown
Watchog,#505,1.1 m,27.0 kg,Brown,Normal,Unknown
Patrat,#504,0.5 m,11.6 kg,Brown,Normal,Unknown
Stoutland,#508,1.2 m,61.0 kg,Gray,Normal,Unknown
Herdier,#507,0.9 m,14.7 kg,Gray,Normal,Unknown
Lillipup,#506,0.4 m,4.1 kg,Brown,Normal,Unknown
Purrloin,#509,0.4 m,10.1 kg,Purple,Dark,Unknown
Dewott,#502,0.8 m,24.5 kg,Blue,Water,Unknown
Oshawott,#501,0.5 m,5.9 kg,Blue,Water,Unknown
Tepig,#498,0.5 m,9.9 kg,Red,Fire,Unknown
Serperior,#497,3.3 m,63.0 kg,Green,Grass,Unknown
Servine,#496,0.8 m,16.0 kg,Green,Grass,Unknown
Emboar,#500,1.6 m,150.0 kg,Red,Fire,Fighting
Pignite,#499,1.0 m,55.5 kg,Red,Fire,Fighting
Snivy,#495,0.6 m,8.1 kg,Green,Grass,Unknown
Victini,#494,0.4 m,4.0 kg,Yellow,Psychic,Fire
Arceus,#493,3.2 m,320.0 kg,White,Normal,Unknown
Shaymin,#492,0.2 m,2.1 kg,Green,Grass,Unknown
Manaphy,#490,0.3 m,1.4 kg,Blue,Water,Unknown
Phione,#489,0.4 m,3.1 kg,Blue,Water,Unknown
Cresselia,#488,1.5 m,85.6 kg,Yellow,Psychic,Unknown
Giratina,#487,4.5 m,750.0 kg,Black,Ghost,Dragon
Heatran,#485,1.7 m,430.0 kg,Brown,Fire,Steel
Regigigas,#486,3.7 m,420.0 kg,White,Normal,Unknown
Darkrai,#491,1.5 m,50.5 kg,Black,Dark,Unknown
Palkia,#484,4.2 m,336.0 kg,Purple,Water,Dragon
Dusknoir,#477,2.2 m,106.6 kg,Black,Ghost,Unknown
Dialga,#483,5.4 m,683.0 kg,White,Steel,Dragon
Azelf,#482,0.3 m,0.3 kg,Blue,Psychic,Unknown
Mesprit,#481,0.3 m,0.3 kg,Pink,Psychic,Unknown
Uxie,#480,0.3 m,0.3 kg,Yellow,Psychic,Unknown
Froslass,#478,1.3 m,26.6 kg,White,Ice,Ghost
Rotom,#479,0.3 m,0.3 kg,Red,Electric,Ghost
Probopass,#476,1.4 m,340.0 kg,Gray,Rock,Steel
Gallade,#475,1.6 m,52.0 kg,White,Psychic,Fighting
Porygon-Z,#474,0.9 m,34.0 kg,Red,Normal,Unknown
Mamoswine,#473,2.5 m,291.0 kg,Brown,Ice,Ground
Gliscor,#472,2.0 m,42.5 kg,Purple,Ground,Flying
Glaceon,#471,0.8 m,25.9 kg,Blue,Ice,Unknown
Leafeon,#470,1.0 m,25.5 kg,Green,Grass,Unknown
Yanmega,#469,1.9 m,51.5 kg,Green,Bug,Flying
Togekiss,#468,1.5 m,38.0 kg,White,Fairy,Flying
Magmortar,#467,1.6 m,68.0 kg,Red,Fire,Unknown
Electivire,#466,1.8 m,138.6 kg,Yellow,Electric,Unknown
Tangrowth,#465,2.0 m,128.6 kg,Blue,Grass,Unknown
Rhyperior,#464,2.4 m,282.8 kg,Gray,Ground,Rock
Lickilicky,#463,1.7 m,140.0 kg,Pink,Normal,Unknown
Magnezone,#462,1.2 m,180.0 kg,Gray,Electric,Steel
Weavile,#461,1.1 m,34.0 kg,Black,Dark,Ice
Abomasnow,#460,2.2 m,135.5 kg,White,Grass,Ice
Snover,#459,1.0 m,50.5 kg,White,Grass,Ice
Mantyke,#458,1.0 m,65.0 kg,Blue,Water,Flying
Lumineon,#457,1.2 m,24.0 kg,Blue,Water,Unknown
Finneon,#456,0.4 m,7.0 kg,Blue,Water,Unknown
Carnivine,#455,1.4 m,27.0 kg,Green,Grass,Unknown
Toxicroak,#454,1.3 m,44.4 kg,Blue,Poison,Fighting
Croagunk,#453,0.7 m,23.0 kg,Blue,Poison,Fighting
Drapion,#452,1.3 m,61.5 kg,Purple,Poison,Dark
Skorupi,#451,0.8 m,12.0 kg,Purple,Poison,Bug
Hippowdon,#450,2.0 m,300.0 kg,Brown,Ground,Unknown
Hippopotas,#449,0.8 m,49.5 kg,Brown,Ground,Unknown
Lucario,#448,1.2 m,54.0 kg,Blue,Fighting,Steel
Riolu,#447,0.7 m,20.2 kg,Blue,Fighting,Unknown
Munchlax,#446,0.6 m,105.0 kg,Black,Normal,Unknown
Garchomp,#445,1.9 m,95.0 kg,Blue,Dragon,Ground
Mime Jr.,#439,0.6 m,13.0 kg,Pink,Psychic,Fairy
Gabite,#444,1.4 m,56.0 kg,Blue,Dragon,Ground
Gible,#443,0.7 m,20.5 kg,Blue,Dragon,Ground
Spiritomb,#442,1.0 m,108.0 kg,Purple,Ghost,Dark
Chatot,#441,0.5 m,1.9 kg,Black,Normal,Flying
Happiny,#440,0.6 m,24.4 kg,Pink,Normal,Unknown
Bronzor,#436,0.5 m,60.5 kg,Green,Steel,Psychic
Bonsly,#438,0.5 m,15.0 kg,Brown,Rock,Unknown
Bronzong,#437,1.3 m,187.0 kg,Green,Steel,Psychic
Skuntank,#435,1.0 m,38.0 kg,Purple,Poison,Dark
Stunky,#434,0.4 m,19.2 kg,Purple,Poison,Dark
Chingling,#433,0.2 m,0.6 kg,Yellow,Psychic,Unknown
Purugly,#432,1.0 m,43.8 kg,Gray,Normal,Unknown
Glameow,#431,0.5 m,3.9 kg,Gray,Normal,Unknown
Honchkrow,#430,0.9 m,27.3 kg,Black,Dark,Flying
Mismagius,#429,0.9 m,4.4 kg,Purple,Ghost,Unknown
Lopunny,#428,1.2 m,33.3 kg,Brown,Normal,Unknown
Buneary,#427,0.4 m,5.5 kg,Brown,Normal,Unknown
Drifblim,#426,1.2 m,15.0 kg,Purple,Ghost,Flying
Drifloon,#425,0.4 m,1.2 kg,Purple,Ghost,Flying
Ambipom,#424,1.2 m,20.3 kg,Purple,Normal,Unknown
Gastrodon,#423,0.9 m,29.9 kg,Purple,Water,Ground
Shellos,#422,0.3 m,6.3 kg,Purple,Water,Unknown
Cherrim,#421,0.5 m,9.3 kg,Purple,Grass,Unknown
Cherubi,#420,0.4 m,3.3 kg,Pink,Grass,Unknown
Floatzel,#419,1.1 m,33.5 kg,Brown,Water,Unknown
Buizel,#418,0.7 m,29.5 kg,Brown,Water,Unknown
Pachirisu,#417,0.4 m,3.9 kg,White,Electric,Unknown
Vespiquen,#416,1.2 m,38.5 kg,Yellow,Bug,Flying
Combee,#415,0.3 m,5.5 kg,Yellow,Bug,Flying
Mothim,#414,0.9 m,23.3 kg,Yellow,Bug,Flying
Wormadam,#413,0.5 m,6.5 kg,Green,Bug,Grass
Burmy,#412,0.2 m,3.4 kg,Green,Bug,Unknown
Budew,#406,0.2 m,1.2 kg,Green,Grass,Poison
Bastiodon,#411,1.3 m,149.5 kg,Gray,Rock,Steel
Shieldon,#410,0.5 m,57.0 kg,Gray,Rock,Steel
Rampardos,#409,1.6 m,102.5 kg,Blue,Rock,Unknown
Cranidos,#408,0.9 m,31.5 kg,Blue,Rock,Unknown
Roserade,#407,0.9 m,14.5 kg,Green,Grass,Poison
Luxray,#405,1.4 m,42.0 kg,Blue,Electric,Unknown
Luxio,#404,0.9 m,30.5 kg,Blue,Electric,Unknown
Kricketune,#402,1.0 m,25.5 kg,Red,Bug,Unknown
Kricketot,#401,0.3 m,2.2 kg,Red,Bug,Unknown
Bibarel,#400,1.0 m,31.5 kg,Brown,Normal,Water
Bidoof,#399,0.5 m,20.0 kg,Brown,Normal,Unknown
Staraptor,#398,1.2 m,24.9 kg,Brown,Normal,Flying
Shinx,#403,0.5 m,9.5 kg,Blue,Electric,Unknown
Staravia,#397,0.6 m,15.5 kg,Brown,Normal,Flying
Starly,#396,0.3 m,2.0 kg,Brown,Normal,Flying
Empoleon,#395,1.7 m,84.5 kg,Blue,Water,Steel
Prinplup,#394,0.8 m,23.0 kg,Blue,Water,Unknown
Piplup,#393,0.4 m,5.2 kg,Blue,Water,Unknown
Infernape,#392,1.2 m,55.0 kg,Brown,Fire,Fighting
Monferno,#391,0.9 m,22.0 kg,Brown,Fire,Fighting
Chimchar,#390,0.5 m,6.2 kg,Brown,Fire,Unknown
Grotle,#388,1.1 m,97.0 kg,Green,Grass,Unknown
Torterra,#389,2.2 m,310.0 kg,Green,Grass,Ground
Kyogre,#382,4.5 m,352.0 kg,Blue,Water,Unknown
Turtwig,#387,0.4 m,10.2 kg,Green,Grass,Unknown
Deoxys,#386,1.7 m,60.8 kg,Red,Psychic,Unknown
Jirachi,#385,0.3 m,1.1 kg,Yellow,Steel,Psychic
Rayquaza,#384,7.0 m,206.5 kg,Green,Dragon,Flying
Groudon,#383,3.5 m,950.0 kg,Red,Ground,Unknown
Latias,#380,1.4 m,40.0 kg,Red,Dragon,Psychic
Latios,#381,2.0 m,60.0 kg,Blue,Dragon,Psychic
Regice,#378,1.8 m,175.0 kg,Blue,Ice,Unknown
Regirock,#377,1.7 m,230.0 kg,Brown,Rock,Unknown
Metagross,#376,1.6 m,550.0 kg,Blue,Steel,Psychic
Metang,#375,1.2 m,202.5 kg,Blue,Steel,Psychic
Beldum,#374,0.6 m,95.2 kg,Blue,Steel,Psychic
Registeel,#379,1.9 m,205.0 kg,Gray,Steel,Unknown
Salamence,#373,1.5 m,102.6 kg,Blue,Dragon,Flying
Shelgon,#372,1.1 m,110.5 kg,White,Dragon,Unknown
Clamperl,#366,0.4 m,52.5 kg,Blue,Water,Unknown
Bagon,#371,0.6 m,42.1 kg,Blue,Dragon,Unknown
Luvdisc,#370,0.6 m,8.7 kg,Pink,Water,Unknown
Relicanth,#369,1.0 m,23.4 kg,Gray,Water,Rock
Gorebyss,#368,1.8 m,22.6 kg,Pink,Water,Unknown
Huntail,#367,1.7 m,27.0 kg,Blue,Water,Unknown
Walrein,#365,1.4 m,150.6 kg,Blue,Ice,Water
Sealeo,#364,1.1 m,87.6 kg,Blue,Ice,Water
Spheal,#363,0.8 m,39.5 kg,Blue,Ice,Water
Glalie,#362,1.5 m,256.5 kg,Gray,Ice,Unknown
Snorunt,#361,0.7 m,16.8 kg,Gray,Ice,Unknown
Wynaut,#360,0.6 m,14.0 kg,Blue,Psychic,Unknown
Absol,#359,1.2 m,47.0 kg,White,Dark,Unknown
Chimecho,#358,0.6 m,1.0 kg,Blue,Psychic,Unknown
Tropius,#357,2.0 m,100.0 kg,Green,Grass,Flying
Duskull,#355,0.8 m,15.0 kg,Black,Ghost,Unknown
Dusclops,#356,1.6 m,30.6 kg,Black,Ghost,Unknown
Banette,#354,1.1 m,12.5 kg,Black,Ghost,Unknown
Shuppet,#353,0.6 m,2.3 kg,Black,Ghost,Unknown
Kecleon,#352,1.0 m,22.0 kg,Green,Normal,Unknown
Castform,#351,0.3 m,0.8 kg,Gray,Normal,Unknown
Milotic,#350,6.2 m,162.0 kg,Pink,Water,Unknown
Feebas,#349,0.6 m,7.4 kg,Brown,Water,Unknown
Armaldo,#348,1.5 m,68.2 kg,Gray,Rock,Bug
Anorith,#347,0.7 m,12.5 kg,Gray,Rock,Bug
Cradily,#346,1.5 m,60.4 kg,Green,Rock,Grass
Lileep,#345,1.0 m,23.8 kg,Purple,Rock,Grass
Claydol,#344,1.5 m,108.0 kg,Black,Ground,Psychic
Baltoy,#343,0.5 m,21.5 kg,Brown,Ground,Psychic
Crawdaunt,#342,1.1 m,32.8 kg,Red,Water,Dark
Corphish,#341,0.6 m,11.5 kg,Red,Water,Unknown
Whiscash,#340,0.9 m,23.6 kg,Blue,Water,Ground
Barboach,#339,0.4 m,1.9 kg,Gray,Water,Ground
Solrock,#338,1.2 m,154.0 kg,Red,Rock,Psychic
Lunatone,#337,1.0 m,168.0 kg,Yellow,Rock,Psychic
Seviper,#336,2.7 m,52.5 kg,Black,Poison,Unknown
Zangoose,#335,1.3 m,40.3 kg,White,Normal,Unknown
Swablu,#333,0.4 m,1.2 kg,Blue,Normal,Flying
Cacturne,#332,1.3 m,77.4 kg,Green,Grass,Dark
Cacnea,#331,0.4 m,51.3 kg,Green,Grass,Unknown
Flygon,#330,2.0 m,82.0 kg,Green,Ground,Dragon
Vibrava,#329,1.1 m,15.3 kg,Green,Ground,Dragon
Trapinch,#328,0.7 m,15.0 kg,Brown,Ground,Unknown
Spinda,#327,1.1 m,5.0 kg,Brown,Normal,Unknown
Altaria,#334,1.1 m,20.6 kg,Blue,Dragon,Flying
Grumpig,#326,0.9 m,71.5 kg,Purple,Psychic,Unknown
Spoink,#325,0.7 m,30.6 kg,Black,Psychic,Unknown
Torkoal,#324,0.5 m,80.4 kg,Brown,Fire,Unknown
Camerupt,#323,1.9 m,220.0 kg,Red,Fire,Ground
Numel,#322,0.7 m,24.0 kg,Yellow,Fire,Ground
Wailord,#321,14.5 m,398.0 kg,Blue,Water,Unknown
Wailmer,#320,2.0 m,130.0 kg,Blue,Water,Unknown
Sharpedo,#319,1.8 m,88.8 kg,Blue,Water,Dark
Carvanha,#318,0.8 m,20.8 kg,Red,Water,Dark
Swalot,#317,1.7 m,80.0 kg,Purple,Poison,Unknown
Gulpin,#316,0.4 m,10.3 kg,Green,Poison,Unknown
Roselia,#315,0.3 m,2.0 kg,Green,Grass,Poison
Illumise,#314,0.6 m,17.7 kg,Purple,Bug,Unknown
Volbeat,#313,0.7 m,17.7 kg,Gray,Bug,Unknown
Minun,#312,0.4 m,4.2 kg,Yellow,Electric,Unknown
Plusle,#311,0.4 m,4.2 kg,Yellow,Electric,Unknown
Manectric,#310,1.5 m,40.2 kg,Yellow,Electric,Unknown
Electrike,#309,0.6 m,15.2 kg,Green,Electric,Unknown
Medicham,#308,1.3 m,31.5 kg,Red,Fighting,Psychic
Sableye,#302,0.5 m,11.0 kg,Purple,Dark,Ghost
Aggron,#306,2.1 m,360.0 kg,Gray,Steel,Rock
Lairon,#305,0.9 m,120.0 kg,Gray,Steel,Rock
Aron,#304,0.4 m,60.0 kg,Gray,Steel,Rock
Mawile,#303,0.6 m,11.5 kg,Black,Steel,Fairy
Delcatty,#301,1.1 m,32.6 kg,Purple,Normal,Unknown
Meditite,#307,0.6 m,11.2 kg,Blue,Fighting,Psychic
Nosepass,#299,1.0 m,97.0 kg,Gray,Rock,Unknown
Skitty,#300,0.6 m,11.0 kg,Pink,Normal,Unknown
Whismur,#293,0.6 m,16.3 kg,Pink,Normal,Unknown
Azurill,#298,0.2 m,2.0 kg,Blue,Normal,Fairy
Hariyama,#297,2.3 m,253.8 kg,Brown,Fighting,Unknown
Makuhita,#296,1.0 m,86.4 kg,Yellow,Fighting,Unknown
Exploud,#295,1.5 m,84.0 kg,Blue,Normal,Unknown
Shedinja,#292,0.8 m,1.2 kg,Brown,Bug,Ghost
Loudred,#294,1.0 m,40.5 kg,Blue,Normal,Unknown
Nincada,#290,0.5 m,5.5 kg,Gray,Bug,Ground
Slaking,#289,2.0 m,130.5 kg,Brown,Normal,Unknown
Vigoroth,#288,1.4 m,46.5 kg,White,Normal,Unknown
Slakoth,#287,0.8 m,24.0 kg,Brown,Normal,Unknown
Breloom,#286,1.2 m,39.2 kg,Green,Grass,Fighting
Shroomish,#285,0.4 m,4.5 kg,Brown,Grass,Unknown
Masquerain,#284,0.8 m,3.6 kg,Blue,Bug,Flying
Ninjask,#291,0.8 m,12.0 kg,Yellow,Bug,Flying
Wingull,#278,0.6 m,9.5 kg,White,Water,Flying
Surskit,#283,0.5 m,1.7 kg,Blue,Bug,Water
Gardevoir,#282,1.6 m,48.4 kg,White,Psychic,Fairy
Kirlia,#281,0.8 m,20.2 kg,White,Psychic,Fairy
Ralts,#280,0.4 m,6.6 kg,White,Psychic,Fairy
Pelipper,#279,1.2 m,28.0 kg,Yellow,Water,Flying
Shiftry,#275,1.3 m,59.6 kg,Brown,Grass,Dark
Swellow,#277,0.7 m,19.8 kg,Blue,Normal,Flying
Taillow,#276,0.3 m,2.3 kg,Blue,Normal,Flying
Nuzleaf,#274,1.0 m,28.0 kg,Brown,Grass,Dark
Seedot,#273,0.5 m,4.0 kg,Brown,Grass,Unknown
Ludicolo,#272,1.5 m,55.0 kg,Green,Water,Grass
Lombre,#271,1.2 m,32.5 kg,Green,Water,Grass
Dustox,#269,1.2 m,31.6 kg,Green,Bug,Poison
Lotad,#270,0.5 m,2.6 kg,Green,Water,Grass
Cascoon,#268,0.7 m,11.5 kg,Purple,Bug,Unknown
Beautifly,#267,1.0 m,28.4 kg,Yellow,Bug,Flying
Silcoon,#266,0.6 m,10.0 kg,White,Bug,Unknown
Wurmple,#265,0.3 m,3.6 kg,Red,Bug,Unknown
Linoone,#264,0.5 m,32.5 kg,White,Normal,Unknown
Zigzagoon,#263,0.4 m,17.5 kg,Brown,Normal,Unknown
Mightyena,#262,1.0 m,37.0 kg,Gray,Dark,Unknown
Poochyena,#261,0.5 m,13.6 kg,Gray,Dark,Unknown
Swampert,#260,1.5 m,81.9 kg,Blue,Water,Ground
Marshtomp,#259,0.7 m,28.0 kg,Blue,Water,Ground
Mudkip,#258,0.4 m,7.6 kg,Blue,Water,Unknown
Blaziken,#257,1.9 m,52.0 kg,Red,Fire,Fighting
Combusken,#256,0.9 m,19.5 kg,Red,Fire,Fighting
Torchic,#255,0.4 m,2.5 kg,Red,Fire,Unknown
Sceptile,#254,1.7 m,52.2 kg,Green,Grass,Unknown
Grovyle,#253,0.9 m,21.6 kg,Green,Grass,Unknown
Treecko,#252,0.5 m,5.0 kg,Green,Grass,Unknown
Celebi,#251,0.6 m,5.0 kg,Green,Psychic,Grass
Ho-Oh,#250,3.8 m,199.0 kg,Red,Fire,Flying
Lugia,#249,5.2 m,216.0 kg,White,Psychic,Flying
Tyranitar,#248,2.0 m,202.0 kg,Green,Rock,Dark
Pupitar,#247,1.2 m,152.0 kg,Gray,Rock,Ground
Larvitar,#246,0.6 m,72.0 kg,Green,Rock,Ground
Suicune,#245,2.0 m,187.0 kg,Blue,Water,Unknown
Entei,#244,2.1 m,198.0 kg,Brown,Fire,Unknown
Raikou,#243,1.9 m,178.0 kg,Yellow,Electric,Unknown
Blissey,#242,1.5 m,46.8 kg,Pink,Normal,Unknown
Miltank,#241,1.2 m,75.5 kg,Pink,Normal,Unknown
Magby,#240,0.7 m,21.4 kg,Red,Fire,Unknown
Elekid,#239,0.6 m,23.5 kg,Yellow,Electric,Unknown
Smoochum,#238,0.4 m,6.0 kg,Pink,Ice,Psychic
Hitmontop,#237,1.4 m,48.0 kg,Brown,Fighting,Unknown
Tyrogue,#236,0.7 m,21.0 kg,Purple,Fighting,Unknown
Smeargle,#235,1.2 m,58.0 kg,White,Normal,Unknown
Porygon2,#233,0.6 m,32.5 kg,Red,Normal,Unknown
Houndoom,#229,1.4 m,35.0 kg,Black,Dark,Fire
Houndour,#228,0.6 m,10.8 kg,Black,Dark,Fire
Donphan,#232,1.1 m,120.0 kg,Gray,Ground,Unknown
Phanpy,#231,0.5 m,33.5 kg,Blue,Ground,Unknown
Kingdra,#230,1.8 m,152.0 kg,Blue,Water,Dragon
Skarmory,#227,1.7 m,50.5 kg,Gray,Steel,Flying
Stantler,#234,1.4 m,71.2 kg,Brown,Normal,Unknown
Mantine,#226,2.1 m,220.0 kg,Purple,Water,Flying
Delibird,#225,0.9 m,16.0 kg,Red,Ice,Flying
Octillery,#224,0.9 m,28.5 kg,Red,Water,Unknown
Magcargo,#219,0.8 m,55.0 kg,Red,Fire,Rock
Slugma,#218,0.7 m,35.0 kg,Red,Fire,Unknown
Remoraid,#223,0.6 m,12.0 kg,Gray,Water,Unknown
Corsola,#222,0.6 m,5.0 kg,Pink,Water,Rock
Ursaring,#217,1.8 m,125.8 kg,Brown,Normal,Unknown
Piloswine,#221,1.1 m,55.8 kg,Brown,Ice,Ground
Teddiursa,#216,0.6 m,8.8 kg,Brown,Normal,Unknown
Swinub,#220,0.4 m,6.5 kg,Brown,Ice,Ground
Sneasel,#215,0.9 m,28.0 kg,Black,Dark,Ice
Heracross,#214,1.5 m,54.0 kg,Blue,Bug,Fighting
Shuckle,#213,0.6 m,20.5 kg,Yellow,Bug,Rock
Qwilfish,#211,0.5 m,3.9 kg,Gray,Water,Poison
Scizor,#212,1.8 m,118.0 kg,Red,Bug,Steel
Snubbull,#209,0.6 m,7.8 kg,Pink,Fairy,Unknown
Granbull,#210,1.4 m,48.7 kg,Purple,Fairy,Unknown
Steelix,#208,9.2 m,400.0 kg,Gray,Steel,Ground
Wobbuffet,#202,1.3 m,28.5 kg,Blue,Psychic,Unknown
Gligar,#207,1.1 m,64.8 kg,Purple,Ground,Flying
Dunsparce,#206,1.5 m,14.0 kg,Yellow,Normal,Unknown
Forretress,#205,1.2 m,125.8 kg,Purple,Bug,Steel
Pineco,#204,0.6 m,7.2 kg,Gray,Bug,Unknown
Girafarig,#203,1.5 m,41.5 kg,Yellow,Normal,Psychic
Unown,#201,0.5 m,5.0 kg,Black,Psychic,Unknown
Misdreavus,#200,0.7 m,1.0 kg,Gray,Ghost,Unknown
Slowking,#199,2.0 m,79.5 kg,Pink,Water,Psychic
Sunkern,#191,0.3 m,1.8 kg,Yellow,Grass,Unknown
Murkrow,#198,0.5 m,2.1 kg,Black,Dark,Flying
Umbreon,#197,1.0 m,27.0 kg,Black,Dark,Unknown
Espeon,#196,0.9 m,26.5 kg,Purple,Psychic,Unknown
Quagsire,#195,1.4 m,75.0 kg,Blue,Water,Ground
Yanma,#193,1.2 m,38.0 kg,Red,Bug,Flying
Wooper,#194,0.4 m,8.5 kg,Blue,Water,Ground
Sunflora,#192,0.8 m,8.5 kg,Yellow,Grass,Unknown
Aipom,#190,0.8 m,11.5 kg,Purple,Normal,Unknown
Jumpluff,#189,0.8 m,3.0 kg,Blue,Grass,Flying
Skiploom,#188,0.6 m,1.0 kg,Green,Grass,Flying
Hoppip,#187,0.4 m,0.5 kg,Pink,Grass,Flying
Politoed,#186,1.1 m,33.9 kg,Green,Water,Unknown
Sudowoodo,#185,1.2 m,38.0 kg,Brown,Rock,Unknown
Azumarill,#184,0.8 m,28.5 kg,Blue,Water,Fairy
Bellossom,#182,0.4 m,5.8 kg,Green,Grass,Unknown
Marill,#183,0.4 m,8.5 kg,Blue,Water,Fairy
Ampharos,#181,1.4 m,61.5 kg,Yellow,Electric,Unknown
Flaaffy,#180,0.8 m,13.3 kg,Pink,Electric,Unknown
Mareep,#179,0.6 m,7.8 kg,White,Electric,Unknown
Xatu,#178,1.5 m,15.0 kg,Green,Psychic,Flying
Natu,#177,0.2 m,2.0 kg,Green,Psychic,Flying
Togetic,#176,0.6 m,3.2 kg,White,Fairy,Flying
Togepi,#175,0.3 m,1.5 kg,White,Fairy,Unknown
Igglybuff,#174,0.3 m,1.0 kg,Pink,Normal,Fairy
Cleffa,#173,0.3 m,3.0 kg,Pink,Fairy,Unknown
Pichu,#172,0.3 m,2.0 kg,Yellow,Electric,Unknown
Lanturn,#171,1.2 m,22.5 kg,Blue,Water,Electric
Chinchou,#170,0.5 m,12.0 kg,Blue,Water,Electric
Crobat,#169,1.8 m,75.0 kg,Purple,Poison,Flying
Ariados,#168,1.1 m,33.5 kg,Red,Bug,Poison
Spinarak,#167,0.5 m,8.5 kg,Green,Bug,Poison
Ledian,#166,1.4 m,35.6 kg,Red,Bug,Flying
Ledyba,#165,1.0 m,10.8 kg,Red,Bug,Flying
Noctowl,#164,1.6 m,40.8 kg,Brown,Normal,Flying
Furret,#162,1.8 m,32.5 kg,Brown,Normal,Unknown
Sentret,#161,0.8 m,6.0 kg,Brown,Normal,Unknown
Croconaw,#159,1.1 m,25.0 kg,Blue,Water,Unknown
Feraligatr,#160,2.3 m,88.8 kg,Blue,Water,Unknown
Totodile,#158,0.6 m,9.5 kg,Blue,Water,Unknown
Typhlosion,#157,1.7 m,79.5 kg,Yellow,Fire,Unknown
Quilava,#156,0.9 m,19.0 kg,Yellow,Fire,Unknown
Hoothoot,#163,0.7 m,21.2 kg,Brown,Normal,Flying
Cyndaquil,#155,0.5 m,7.9 kg,Yellow,Fire,Unknown
Meganium,#154,1.8 m,100.5 kg,Green,Grass,Unknown
Bayleef,#153,1.2 m,15.8 kg,Green,Grass,Unknown
Chikorita,#152,0.9 m,6.4 kg,Green,Grass,Unknown
Mew,#151,0.4 m,4.0 kg,Pink,Psychic,Unknown
Mewtwo,#150,2.0 m,122.0 kg,Purple,Psychic,Unknown
Dragonite,#149,2.2 m,210.0 kg,Brown,Dragon,Flying
Dragonair,#148,4.0 m,16.5 kg,Blue,Dragon,Unknown
Dratini,#147,1.8 m,3.3 kg,Blue,Dragon,Unknown
Moltres,#146,2.0 m,60.0 kg,Yellow,Fire,Flying
Zapdos,#145,1.6 m,52.6 kg,Yellow,Electric,Flying
Articuno,#144,1.7 m,55.4 kg,Blue,Ice,Flying
Snorlax,#143,2.1 m,460.0 kg,Black,Normal,Unknown
Aerodactyl,#142,1.8 m,59.0 kg,Purple,Rock,Flying
Kabutops,#141,1.3 m,40.5 kg,Brown,Rock,Water
Kabuto,#140,0.5 m,11.5 kg,Brown,Rock,Water
Omastar,#139,1.0 m,35.0 kg,Blue,Rock,Water
Omanyte,#138,0.4 m,7.5 kg,Blue,Rock,Water
Porygon,#137,0.8 m,36.5 kg,Pink,Normal,Unknown
Flareon,#136,0.9 m,25.0 kg,Red,Fire,Unknown
Jolteon,#135,0.8 m,24.5 kg,Yellow,Electric,Unknown
Magikarp,#129,0.9 m,10.0 kg,Red,Water,Unknown
Tauros,#128,1.4 m,88.4 kg,Brown,Normal,Unknown
Vaporeon,#134,1.0 m,29.0 kg,Blue,Water,Unknown
Ditto,#132,0.3 m,4.0 kg,Purple,Normal,Unknown
Lapras,#131,2.5 m,220.0 kg,Blue,Water,Ice
Gyarados,#130,6.5 m,235.0 kg,Blue,Water,Flying
Magmar,#126,1.3 m,44.5 kg,Red,Fire,Unknown
Pinsir,#127,1.5 m,55.0 kg,Brown,Bug,Unknown
Eevee,#133,0.3 m,6.5 kg,Brown,Normal,Unknown
Jynx,#124,1.4 m,40.6 kg,Red,Ice,Psychic
Goldeen,#118,0.6 m,15.0 kg,Red,Water,Unknown
Scyther,#123,1.5 m,56.0 kg,Green,Bug,Flying
Mr. Mime,#122,1.3 m,54.5 kg,Pink,Psychic,Fairy
Starmie,#121,1.1 m,80.0 kg,Purple,Water,Psychic
Staryu,#120,0.8 m,34.5 kg,Brown,Water,Unknown
Electabuzz,#125,1.1 m,30.0 kg,Yellow,Electric,Unknown
Seaking,#119,1.3 m,39.0 kg,Red,Water,Unknown
Seadra,#117,1.2 m,25.0 kg,Blue,Water,Unknown
Horsea,#116,0.4 m,8.0 kg,Blue,Water,Unknown
Kangaskhan,#115,2.2 m,80.0 kg,Brown,Normal,Unknown
Tangela,#114,1.0 m,35.0 kg,Blue,Grass,Unknown
Chansey,#113,1.1 m,34.6 kg,Pink,Normal,Unknown
Rhydon,#112,1.9 m,120.0 kg,Gray,Ground,Rock
Rhyhorn,#111,1.0 m,115.0 kg,Gray,Ground,Rock
Weezing,#110,1.2 m,9.5 kg,Purple,Poison,Unknown
Koffing,#109,0.6 m,1.0 kg,Purple,Poison,Unknown
Lickitung,#108,1.2 m,65.5 kg,Pink,Normal,Unknown
Hitmonchan,#107,1.4 m,50.2 kg,Brown,Fighting,Unknown
Hitmonlee,#106,1.5 m,49.8 kg,Brown,Fighting,Unknown
Marowak,#105,1.0 m,45.0 kg,Brown,Ground,Unknown
Cubone,#104,0.4 m,6.5 kg,Brown,Ground,Unknown
Exeggutor,#103,2.0 m,120.0 kg,Yellow,Grass,Psychic
Exeggcute,#102,0.4 m,2.5 kg,Pink,Grass,Psychic
Electrode,#101,1.2 m,66.6 kg,Red,Electric,Unknown
Voltorb,#100,0.5 m,10.4 kg,Red,Electric,Unknown
Kingler,#099,1.3 m,60.0 kg,Red,Water,Unknown
Hypno,#097,1.6 m,75.6 kg,Yellow,Psychic,Unknown
Krabby,#098,0.4 m,6.5 kg,Red,Water,Unknown
Drowzee,#096,1.0 m,32.4 kg,Yellow,Psychic,Unknown
Onix,#095,8.8 m,210.0 kg,Gray,Rock,Ground
Gengar,#094,1.5 m,40.5 kg,Purple,Ghost,Poison
Muk,#089,1.2 m,30.0 kg,Purple,Poison,Unknown
Gastly,#092,1.3 m,0.1 kg,Purple,Ghost,Poison
Haunter,#093,1.6 m,0.1 kg,Purple,Ghost,Poison
Grimer,#088,0.9 m,30.0 kg,Purple,Poison,Unknown
Shellder,#090,0.3 m,4.0 kg,Purple,Water,Unknown
Cloyster,#091,1.5 m,132.5 kg,Purple,Water,Ice
Dewgong,#087,1.7 m,120.0 kg,White,Water,Ice
Seel,#086,1.1 m,90.0 kg,White,Water,Unknown
Farfetch'd,#083,0.8 m,15.0 kg,Brown,Normal,Flying
Doduo,#084,1.4 m,39.2 kg,Brown,Normal,Flying
Slowbro,#080,1.6 m,78.5 kg,Pink,Water,Psychic
Magnemite,#081,0.3 m,6.0 kg,Gray,Electric,Steel
Dodrio,#085,1.8 m,85.2 kg,Brown,Normal,Flying
Magneton,#082,1.0 m,60.0 kg,Gray,Electric,Steel
Ponyta,#077,1.0 m,30.0 kg,Yellow,Fire,Unknown
Golem,#076,1.4 m,300.0 kg,Brown,Rock,Ground
Graveler,#075,1.0 m,105.0 kg,Brown,Rock,Ground
Geodude,#074,0.4 m,20.0 kg,Brown,Rock,Ground
Tentacruel,#073,1.6 m,55.0 kg,Blue,Water,Poison
Tentacool,#072,0.9 m,45.5 kg,Blue,Water,Poison
Slowpoke,#079,1.2 m,36.0 kg,Pink,Water,Psychic
Rapidash,#078,1.7 m,95.0 kg,Yellow,Fire,Unknown
Victreebel,#071,1.7 m,15.5 kg,Green,Grass,Poison
Weepinbell,#070,1.0 m,6.4 kg,Green,Grass,Poison
Bellsprout,#069,0.7 m,4.0 kg,Green,Grass,Poison
Machamp,#068,1.6 m,130.0 kg,Gray,Fighting,Unknown
Machoke,#067,1.5 m,70.5 kg,Gray,Fighting,Unknown
Machop,#066,0.8 m,19.5 kg,Gray,Fighting,Unknown
Alakazam,#065,1.5 m,48.0 kg,Brown,Psychic,Unknown
Kadabra,#064,1.3 m,56.5 kg,Brown,Psychic,Unknown
Abra,#063,0.9 m,19.5 kg,Brown,Psychic,Unknown
Poliwrath,#062,1.3 m,54.0 kg,Blue,Water,Fighting
Poliwhirl,#061,1.0 m,20.0 kg,Blue,Water,Unknown
Poliwag,#060,0.6 m,12.4 kg,Blue,Water,Unknown
Arcanine,#059,1.9 m,155.0 kg,Brown,Fire,Unknown
Growlithe,#058,0.7 m,19.0 kg,Brown,Fire,Unknown
Mankey,#056,0.5 m,28.0 kg,Brown,Fighting,Unknown
Primeape,#057,1.0 m,32.0 kg,Brown,Fighting,Unknown
Golduck,#055,1.7 m,76.6 kg,Blue,Water,Unknown
Psyduck,#054,0.8 m,19.6 kg,Yellow,Water,Unknown
Persian,#053,1.0 m,32.0 kg,Yellow,Normal,Unknown
Dugtrio,#051,0.7 m,33.3 kg,Brown,Ground,Unknown
Diglett,#050,0.2 m,0.8 kg,Brown,Ground,Unknown
Venomoth,#049,1.5 m,12.5 kg,Purple,Bug,Poison
Venonat,#048,1.0 m,30.0 kg,Purple,Bug,Poison
Meowth,#052,0.4 m,4.2 kg,Yellow,Normal,Unknown
Parasect,#047,1.0 m,29.5 kg,Red,Bug,Grass
Paras,#046,0.3 m,5.4 kg,Red,Bug,Grass
Vileplume,#045,1.2 m,18.6 kg,Red,Grass,Poison
Wigglytuff,#040,1.0 m,12.0 kg,Pink,Normal,Fairy
Gloom,#044,0.8 m,8.6 kg,Blue,Grass,Poison
Oddish,#043,0.5 m,5.4 kg,Blue,Grass,Poison
Golbat,#042,1.6 m,55.0 kg,Purple,Poison,Flying
Zubat,#041,0.8 m,7.5 kg,Purple,Poison,Flying
Jigglypuff,#039,0.5 m,5.5 kg,Pink,Normal,Fairy
Vulpix,#037,0.6 m,9.9 kg,Brown,Fire,Unknown
Clefable,#036,1.3 m,40.0 kg,Pink,Fairy,Unknown
Clefairy,#035,0.6 m,7.5 kg,Pink,Fairy,Unknown
Nidoking,#034,1.4 m,62.0 kg,Purple,Poison,Ground
Nidorino,#033,0.9 m,19.5 kg,Purple,Poison,Unknown
Nidoran♂,#032,0.5 m,9.0 kg,Purple,Poison,Unknown
Nidoqueen,#031,1.3 m,60.0 kg,Blue,Poison,Ground
Ninetales,#038,1.1 m,19.9 kg,Yellow,Fire,Unknown
Nidorina,#030,0.8 m,20.0 kg,Blue,Poison,Unknown
Nidoran♀,#029,0.4 m,7.0 kg,Blue,Poison,Unknown
Sandslash,#028,1.0 m,29.5 kg,Yellow,Ground,Unknown
Butterfree,#012,1.1 m,32.0 kg,White,Bug,Flying
Metapod,#011,0.7 m,9.9 kg,Green,Bug,Unknown
Caterpie,#010,0.3 m,2.9 kg,Green,Bug,Unknown
Blastoise,#009,1.6 m,85.5 kg,Blue,Water,Unknown
Bulbasaur,#001,0.7 m,6.9 kg,Green,Grass,Poison
Squirtle,#007,0.5 m,9.0 kg,Blue,Water,Unknown
Wartortle,#008,1.0 m,22.5 kg,Blue,Water,Unknown
Charmander,#004,0.6 m,8.5 kg,Red,Fire,Unknown
Venusaur,#003,2.0 m,100.0 kg,Green,Grass,Poison
Charizard,#006,1.7 m,90.5 kg,Red,Fire,Flying
Ivysaur,#002,1.0 m,13.0 kg,Green,Grass,Poison
Charmeleon,#005,1.1 m,19.0 kg,Red,Fire,Unknown
