ndex,Normal,Fire,Water,Electric,Grass,Ice,Fighting,Poison,Ground,Flying,Psychic,Bug,Rock,Ghost,Dragon,Dark,Steel,Fairy,name,height,weight,color,type1,type2
#001,1,2,0,0,0,2,0,1,1,2,2,1,1,1,1,1,1,0,Bulbasaur,0.7 m,6.9 kg,Green,Grass,Poison
#002,1,2,0,0,0,2,0,1,1,2,2,1,1,1,1,1,1,0,Ivysaur,1.0 m,13.0 kg,Green,Grass,Poison
#003,1,2,0,0,0,2,0,1,1,2,2,1,1,1,1,1,1,0,Venusaur,2.0 m,100.0 kg,Green,Grass,Poison
#004,1,0,2,1,0,0,1,1,2,1,1,0,2,1,1,1,0,0,Charmander,0.6 m,8.5 kg,Red,Fire,Unknown
#005,1,0,2,1,0,0,1,1,2,1,1,0,2,1,1,1,0,0,Charmeleon,1.1 m,19.0 kg,Red,Fire,Unknown
#006,1,0,2,2,0,1,0,1,0,1,1,0,4,1,1,1,0,0,Charizard,1.7 m,90.5 kg,Red,Fire,Flying
#007,1,0,0,2,2,0,1,1,1,1,1,1,1,1,1,1,0,1,Squirtle,0.5 m,9.0 kg,Blue,Water,Unknown
#008,1,0,0,2,2,0,1,1,1,1,1,1,1,1,1,1,0,1,Wartortle,1.0 m,22.5 kg,Blue,Water,Unknown
#009,1,0,0,2,2,0,1,1,1,1,1,1,1,1,1,1,0,1,Blastoise,1.6 m,85.5 kg,Blue,Water,Unknown
#010,1,2,1,1,0,1,0,1,0,2,1,1,2,1,1,1,1,1,Caterpie,0.3 m,2.9 kg,Green,Bug,Unknown
#011,1,2,1,1,0,1,0,1,0,2,1,1,2,1,1,1,1,1,Metapod,0.7 m,9.9 kg,Green,Bug,Unknown
#012,1,2,1,2,0,2,0,1,0,2,1,0,4,1,1,1,1,1,Butterfree,1.1 m,32.0 kg,White,Bug,Flying
#013,1,2,1,1,0,1,0,0,1,2,2,0,2,1,1,1,1,0,Weedle,0.3 m,3.2 kg,Brown,Bug,Poison
#014,1,2,1,1,0,1,0,0,1,2,2,0,2,1,1,1,1,0,Kakuna,0.6 m,10.0 kg,Yellow,Bug,Poison
#015,1,2,1,1,0,1,0,0,1,2,2,0,2,1,1,1,1,0,Beedrill,1.0 m,29.5 kg,Yellow,Bug,Poison
#016,1,1,1,2,0,2,1,1,0,1,1,0,2,0,1,1,1,1,Pidgey,0.3 m,1.8 kg,Brown,Normal,Flying
#017,1,1,1,2,0,2,1,1,0,1,1,0,2,0,1,1,1,1,Pidgeotto,1.1 m,30.0 kg,Brown,Normal,Flying
#018,1,1,1,2,0,2,1,1,0,1,1,0,2,0,1,1,1,1,Pidgeot,1.5 m,39.5 kg,Brown,Normal,Flying
#019,1,1,1,1,1,1,2,1,1,1,1,1,1,0,1,1,1,1,Rattata,0.3 m,3.5 kg,Purple,Normal,Unknown
#020,1,1,1,1,1,1,2,1,1,1,1,1,1,0,1,1,1,1,Raticate,0.7 m,18.5 kg,Brown,Normal,Unknown
#021,1,1,1,2,0,2,1,1,0,1,1,0,2,0,1,1,1,1,Spearow,0.3 m,2.0 kg,Brown,Normal,Flying
#022,1,1,1,2,0,2,1,1,0,1,1,0,2,0,1,1,1,1,Fearow,1.2 m,38.0 kg,Brown,Normal,Flying
#023,1,1,1,1,0,1,0,0,2,1,2,0,1,1,1,1,1,0,Ekans,2.0 m,6.9 kg,Purple,Poison,Unknown
#024,1,1,1,1,0,1,0,0,2,1,2,0,1,1,1,1,1,0,Arbok,3.5 m,65.0 kg,Purple,Poison,Unknown
#025,1,1,1,0,1,1,1,1,2,0,1,1,1,1,1,1,0,1,Pikachu,0.4 m,6.0 kg,Yellow,Electric,Unknown
#026,1,1,1,0,1,1,1,1,2,0,1,1,1,1,1,1,0,1,Raichu,0.8 m,30.0 kg,Yellow,Electric,Unknown
#027,1,1,2,0,2,2,1,0,1,1,1,1,0,1,1,1,1,1,Sandshrew,0.6 m,12.0 kg,Yellow,Ground,Unknown
#028,1,1,2,0,2,2,1,0,1,1,1,1,0,1,1,1,1,1,Sandslash,1.0 m,29.5 kg,Yellow,Ground,Unknown
#029,1,1,1,1,0,1,0,0,2,1,2,0,1,1,1,1,1,0,Nidoran♀,0.4 m,7.0 kg,Blue,Poison,Unknown
#030,1,1,1,1,0,1,0,0,2,1,2,0,1,1,1,1,1,0,Nidorina,0.8 m,20.0 kg,Blue,Poison,Unknown
#031,1,1,2,0,1,2,0,0,2,1,2,0,0,1,1,1,1,0,Nidoqueen,1.3 m,60.0 kg,Blue,Poison,Ground
#032,1,1,1,1,0,1,0,0,2,1,2,0,1,1,1,1,1,0,Nidoran♂,0.5 m,9.0 kg,Purple,Poison,Unknown
#033,1,1,1,1,0,1,0,0,2,1,2,0,1,1,1,1,1,0,Nidorino,0.9 m,19.5 kg,Purple,Poison,Unknown
#034,1,1,2,0,1,2,0,0,2,1,2,0,0,1,1,1,1,0,Nidoking,1.4 m,62.0 kg,Purple,Poison,Ground
#035,1,1,1,1,1,1,0,2,1,1,1,0,1,1,0,0,2,1,Clefairy,0.6 m,7.5 kg,Pink,Fairy,Unknown
#036,1,1,1,1,1,1,0,2,1,1,1,0,1,1,0,0,2,1,Clefable,1.3 m,40.0 kg,Pink,Fairy,Unknown
#037,1,0,2,1,0,0,1,1,2,1,1,0,2,1,1,1,0,0,Vulpix,0.6 m,9.9 kg,Brown,Fire,Unknown
#038,1,0,2,1,0,0,1,1,2,1,1,0,2,1,1,1,0,0,Ninetales,1.1 m,19.9 kg,Yellow,Fire,Unknown
#039,1,1,1,1,1,1,1,2,1,1,1,0,1,0,0,0,2,1,Jigglypuff,0.5 m,5.5 kg,Pink,Normal,Fairy
#040,1,1,1,1,1,1,1,2,1,1,1,0,1,0,0,0,2,1,Wigglytuff,1.0 m,12.0 kg,Pink,Normal,Fairy
#041,1,1,1,2,0,2,0,0,0,1,2,0,2,1,1,1,1,0,Zubat,0.8 m,7.5 kg,Purple,Poison,Flying
#042,1,1,1,2,0,2,0,0,0,1,2,0,2,1,1,1,1,0,Golbat,1.6 m,55.0 kg,Purple,Poison,Flying
#043,1,2,0,0,0,2,0,1,1,2,2,1,1,1,1,1,1,0,Oddish,0.5 m,5.4 kg,Blue,Grass,Poison
#044,1,2,0,0,0,2,0,1,1,2,2,1,1,1,1,1,1,0,Gloom,0.8 m,8.6 kg,Blue,Grass,Poison
#045,1,2,0,0,0,2,0,1,1,2,2,1,1,1,1,1,1,0,Vileplume,1.2 m,18.6 kg,Red,Grass,Poison
#046,1,4,0,0,0,2,0,2,0,4,1,2,2,1,1,1,1,1,Paras,0.3 m,5.4 kg,Red,Bug,Grass
#047,1,4,0,0,0,2,0,2,0,4,1,2,2,1,1,1,1,1,Parasect,1.0 m,29.5 kg,Red,Bug,Grass
#048,1,2,1,1,0,1,0,0,1,2,2,0,2,1,1,1,1,0,Venonat,1.0 m,30.0 kg,Purple,Bug,Poison
#049,1,2,1,1,0,1,0,0,1,2,2,0,2,1,1,1,1,0,Venomoth,1.5 m,12.5 kg,Purple,Bug,Poison
#050,1,1,2,0,2,2,1,0,1,1,1,1,0,1,1,1,1,1,Diglett,0.2 m,0.8 kg,Brown,Ground,Unknown
#051,1,1,2,0,2,2,1,0,1,1,1,1,0,1,1,1,1,1,Dugtrio,0.7 m,33.3 kg,Brown,Ground,Unknown
#052,1,1,1,1,1,1,2,1,1,1,1,1,1,0,1,1,1,1,Meowth,0.4 m,4.2 kg,Yellow,Normal,Unknown
#053,1,1,1,1,1,1,2,1,1,1,1,1,1,0,1,1,1,1,Persian,1.0 m,32.0 kg,Yellow,Normal,Unknown
#054,1,0,0,2,2,0,1,1,1,1,1,1,1,1,1,1,0,1,Psyduck,0.8 m,19.6 kg,Yellow,Water,Unknown
#055,1,0,0,2,2,0,1,1,1,1,1,1,1,1,1,1,0,1,Golduck,1.7 m,76.6 kg,Blue,Water,Unknown
#056,1,1,1,1,1,1,1,1,1,2,2,0,0,1,1,0,1,2,Mankey,0.5 m,28.0 kg,Brown,Fighting,Unknown
#057,1,1,1,1,1,1,1,1,1,2,2,0,0,1,1,0,1,2,Primeape,1.0 m,32.0 kg,Brown,Fighting,Unknown
#058,1,0,2,1,0,0,1,1,2,1,1,0,2,1,1,1,0,0,Growlithe,0.7 m,19.0 kg,Brown,Fire,Unknown
#059,1,0,2,1,0,0,1,1,2,1,1,0,2,1,1,1,0,0,Arcanine,1.9 m,155.0 kg,Brown,Fire,Unknown
#060,1,0,0,2,2,0,1,1,1,1,1,1,1,1,1,1,0,1,Poliwag,0.6 m,12.4 kg,Blue,Water,Unknown
#061,1,0,0,2,2,0,1,1,1,1,1,1,1,1,1,1,0,1,Poliwhirl,1.0 m,20.0 kg,Blue,Water,Unknown
#062,1,0,0,2,2,0,1,1,1,2,2,0,0,1,1,0,0,2,Poliwrath,1.3 m,54.0 kg,Blue,Water,Fighting
#063,1,1,1,1,1,1,0,1,1,1,0,2,1,2,1,2,1,1,Abra,0.9 m,19.5 kg,Brown,Psychic,Unknown
#064,1,1,1,1,1,1,0,1,1,1,0,2,1,2,1,2,1,1,Kadabra,1.3 m,56.5 kg,Brown,Psychic,Unknown
#065,1,1,1,1,1,1,0,1,1,1,0,2,1,2,1,2,1,1,Alakazam,1.5 m,48.0 kg,Brown,Psychic,Unknown
#066,1,1,1,1,1,1,1,1,1,2,2,0,0,1,1,0,1,2,Machop,0.8 m,19.5 kg,Gray,Fighting,Unknown
#067,1,1,1,1,1,1,1,1,1,2,2,0,0,1,1,0,1,2,Machoke,1.5 m,70.5 kg,Gray,Fighting,Unknown
#068,1,1,1,1,1,1,1,1,1,2,2,0,0,1,1,0,1,2,Machamp,1.6 m,130.0 kg,Gray,Fighting,Unknown
#069,1,2,0,0,0,2,0,1,1,2,2,1,1,1,1,1,1,0,Bellsprout,0.7 m,4.0 kg,Green,Grass,Poison
#070,1,2,0,0,0,2,0,1,1,2,2,1,1,1,1,1,1,0,Weepinbell,1.0 m,6.4 kg,Green,Grass,Poison
#071,1,2,0,0,0,2,0,1,1,2,2,1,1,1,1,1,1,0,Victreebel,1.7 m,15.5 kg,Green,Grass,Poison
#072,1,0,0,2,1,0,0,0,2,1,2,0,1,1,1,1,0,0,Tentacool,0.9 m,45.5 kg,Blue,Water,Poison
#073,1,0,0,2,1,0,0,0,2,1,2,0,1,1,1,1,0,0,Tentacruel,1.6 m,55.0 kg,Blue,Water,Poison
#074,0,0,4,0,4,2,2,0,2,0,1,1,0,1,1,1,2,1,Geodude,0.4 m,20.0 kg,Brown,Rock,Ground
#075,0,0,4,0,4,2,2,0,2,0,1,1,0,1,1,1,2,1,Graveler,1.0 m,105.0 kg,Brown,Rock,Ground
#076,0,0,4,0,4,2,2,0,2,0,1,1,0,1,1,1,2,1,Golem,1.4 m,300.0 kg,Brown,Rock,Ground
#077,1,0,2,1,0,0,1,1,2,1,1,0,2,1,1,1,0,0,Ponyta,1.0 m,30.0 kg,Yellow,Fire,Unknown
#078,1,0,2,1,0,0,1,1,2,1,1,0,2,1,1,1,0,0,Rapidash,1.7 m,95.0 kg,Yellow,Fire,Unknown
#079,1,0,0,2,2,0,0,1,1,1,0,2,1,2,1,2,0,1,Slowpoke,1.2 m,36.0 kg,Pink,Water,Psychic
#080,1,0,0,2,2,0,0,1,1,1,0,2,1,2,1,2,0,1,Slowbro,1.6 m,78.5 kg,Pink,Water,Psychic
#081,0,2,1,0,0,0,2,0,4,0,0,0,0,1,0,1,0,0,Magnemite,0.3 m,6.0 kg,Gray,Electric,Steel
#082,0,2,1,0,0,0,2,0,4,0,0,0,0,1,0,1,0,0,Magneton,1.0 m,60.0 kg,Gray,Electric,Steel
#083,1,1,1,2,0,2,1,1,0,1,1,0,2,0,1,1,1,1,Farfetch'd,0.8 m,15.0 kg,Brown,Normal,Flying
#084,1,1,1,2,0,2,1,1,0,1,1,0,2,0,1,1,1,1,Doduo,1.4 m,39.2 kg,Brown,Normal,Flying
#085,1,1,1,2,0,2,1,1,0,1,1,0,2,0,1,1,1,1,Dodrio,1.8 m,85.2 kg,Brown,Normal,Flying
#086,1,0,0,2,2,0,1,1,1,1,1,1,1,1,1,1,0,1,Seel,1.1 m,90.0 kg,White,Water,Unknown
#087,1,1,0,2,2,0,2,1,1,1,1,1,2,1,1,1,1,1,Dewgong,1.7 m,120.0 kg,White,Water,Ice
#088,1,1,1,1,0,1,0,0,2,1,2,0,1,1,1,1,1,0,Grimer,0.9 m,30.0 kg,Purple,Poison,Unknown
#089,1,1,1,1,0,1,0,0,2,1,2,0,1,1,1,1,1,0,Muk,1.2 m,30.0 kg,Purple,Poison,Unknown
#090,1,0,0,2,2,0,1,1,1,1,1,1,1,1,1,1,0,1,Shellder,0.3 m,4.0 kg,Purple,Water,Unknown
#091,1,1,0,2,2,0,2,1,1,1,1,1,2,1,1,1,1,1,Cloyster,1.5 m,132.5 kg,Purple,Water,Ice
#092,0,1,1,1,0,1,0,0,2,1,2,0,1,2,1,2,1,0,Gastly,1.3 m,0.1 kg,Purple,Ghost,Poison
#093,0,1,1,1,0,1,0,0,2,1,2,0,1,2,1,2,1,0,Haunter,1.6 m,0.1 kg,Purple,Ghost,Poison
#094,0,1,1,1,0,1,0,0,2,1,2,0,1,2,1,2,1,0,Gengar,1.5 m,40.5 kg,Purple,Ghost,Poison
#095,0,0,4,0,4,2,2,0,2,0,1,1,0,1,1,1,2,1,Onix,8.8 m,210.0 kg,Gray,Rock,Ground
#096,1,1,1,1,1,1,0,1,1,1,0,2,1,2,1,2,1,1,Drowzee,1.0 m,32.4 kg,Yellow,Psychic,Unknown
#097,1,1,1,1,1,1,0,1,1,1,0,2,1,2,1,2,1,1,Hypno,1.6 m,75.6 kg,Yellow,Psychic,Unknown
#098,1,0,0,2,2,0,1,1,1,1,1,1,1,1,1,1,0,1,Krabby,0.4 m,6.5 kg,Red,Water,Unknown
#099,1,0,0,2,2,0,1,1,1,1,1,1,1,1,1,1,0,1,Kingler,1.3 m,60.0 kg,Red,Water,Unknown
#100,1,1,1,0,1,1,1,1,2,0,1,1,1,1,1,1,0,1,Voltorb,0.5 m,10.4 kg,Red,Electric,Unknown
#101,1,1,1,0,1,1,1,1,2,0,1,1,1,1,1,1,0,1,Electrode,1.2 m,66.6 kg,Red,Electric,Unknown
#102,1,2,0,0,0,2,0,2,0,2,0,4,1,2,1,2,1,1,Exeggcute,0.4 m,2.5 kg,Pink,Grass,Psychic
#103,1,2,0,0,0,2,0,2,0,2,0,4,1,2,1,2,1,1,Exeggutor,2.0 m,120.0 kg,Yellow,Grass,Psychic
#104,1,1,2,0,2,2,1,0,1,1,1,1,0,1,1,1,1,1,Cubone,0.4 m,6.5 kg,Brown,Ground,Unknown
#105,1,1,2,0,2,2,1,0,1,1,1,1,0,1,1,1,1,1,Marowak,1.0 m,45.0 kg,Brown,Ground,Unknown
#106,1,1,1,1,1,1,1,1,1,2,2,0,0,1,1,0,1,2,Hitmonlee,1.5 m,49.8 kg,Brown,Fighting,Unknown
#107,1,1,1,1,1,1,1,1,1,2,2,0,0,1,1,0,1,2,Hitmonchan,1.4 m,50.2 kg,Brown,Fighting,Unknown
#108,1,1,1,1,1,1,2,1,1,1,1,1,1,0,1,1,1,1,Lickitung,1.2 m,65.5 kg,Pink,Normal,Unknown
#109,1,1,1,1,0,1,0,0,2,1,2,0,1,1,1,1,1,0,Koffing,0.6 m,1.0 kg,Purple,Poison,Unknown
#110,1,1,1,1,0,1,0,0,2,1,2,0,1,1,1,1,1,0,Weezing,1.2 m,9.5 kg,Purple,Poison,Unknown
#111,0,0,4,0,4,2,2,0,2,0,1,1,0,1,1,1,2,1,Rhyhorn,1.0 m,115.0 kg,Gray,Ground,Rock
#112,0,0,4,0,4,2,2,0,2,0,1,1,0,1,1,1,2,1,Rhydon,1.9 m,120.0 kg,Gray,Ground,Rock
#113,1,1,1,1,1,1,2,1,1,1,1,1,1,0,1,1,1,1,Chansey,1.1 m,34.6 kg,Pink,Normal,Unknown
#114,1,2,0,0,0,2,1,2,0,2,1,2,1,1,1,1,1,1,Tangela,1.0 m,35.0 kg,Blue,Grass,Unknown
#115,1,1,1,1,1,1,2,1,1,1,1,1,1,0,1,1,1,1,Kangaskhan,2.2 m,80.0 kg,Brown,Normal,Unknown
#116,1,0,0,2,2,0,1,1,1,1,1,1,1,1,1,1,0,1,Horsea,0.4 m,8.0 kg,Blue,Water,Unknown
#117,1,0,0,2,2,0,1,1,1,1,1,1,1,1,1,1,0,1,Seadra,1.2 m,25.0 kg,Blue,Water,Unknown
#118,1,0,0,2,2,0,1,1,1,1,1,1,1,1,1,1,0,1,Goldeen,0.6 m,15.0 kg,Red,Water,Unknown
#119,1,0,0,2,2,0,1,1,1,1,1,1,1,1,1,1,0,1,Seaking,1.3 m,39.0 kg,Red,Water,Unknown
#120,1,0,0,2,2,0,1,1,1,1,1,1,1,1,1,1,0,1,Staryu,0.8 m,34.5 kg,Brown,Water,Unknown
#121,1,0,0,2,2,0,0,1,1,1,0,2,1,2,1,2,0,1,Starmie,1.1 m,80.0 kg,Purple,Water,Psychic
#122,1,1,1,1,1,1,0,2,1,1,0,1,1,2,0,1,2,1,Mr. Mime,1.3 m,54.5 kg,Pink,Psychic,Fairy
#123,1,2,1,2,0,2,0,1,0,2,1,0,4,1,1,1,1,1,Scyther,1.5 m,56.0 kg,Green,Bug,Flying
#124,1,2,1,1,1,0,1,1,1,1,0,2,2,2,1,2,2,1,Jynx,1.4 m,40.6 kg,Red,Ice,Psychic
#125,1,1,1,0,1,1,1,1,2,0,1,1,1,1,1,1,0,1,Electabuzz,1.1 m,30.0 kg,Yellow,Electric,Unknown
#126,1,0,2,1,0,0,1,1,2,1,1,0,2,1,1,1,0,0,Magmar,1.3 m,44.5 kg,Red,Fire,Unknown
#127,1,2,1,1,0,1,0,1,0,2,1,1,2,1,1,1,1,1,Pinsir,1.5 m,55.0 kg,Brown,Bug,Unknown
#128,1,1,1,1,1,1,2,1,1,1,1,1,1,0,1,1,1,1,Tauros,1.4 m,88.4 kg,Brown,Normal,Unknown
#129,1,0,0,2,2,0,1,1,1,1,1,1,1,1,1,1,0,1,Magikarp,0.9 m,10.0 kg,Red,Water,Unknown
#130,1,0,0,4,1,1,0,1,0,1,1,0,2,1,1,1,0,1,Gyarados,6.5 m,235.0 kg,Blue,Water,Flying
#131,1,1,0,2,2,0,2,1,1,1,1,1,2,1,1,1,1,1,Lapras,2.5 m,220.0 kg,Blue,Water,Ice
#132,1,1,1,1,1,1,2,1,1,1,1,1,1,0,1,1,1,1,Ditto,0.3 m,4.0 kg,Purple,Normal,Unknown
#133,1,1,1,1,1,1,2,1,1,1,1,1,1,0,1,1,1,1,Eevee,0.3 m,6.5 kg,Brown,Normal,Unknown
#134,1,0,0,2,2,0,1,1,1,1,1,1,1,1,1,1,0,1,Vaporeon,1.0 m,29.0 kg,Blue,Water,Unknown
#135,1,1,1,0,1,1,1,1,2,0,1,1,1,1,1,1,0,1,Jolteon,0.8 m,24.5 kg,Yellow,Electric,Unknown
#136,1,0,2,1,0,0,1,1,2,1,1,0,2,1,1,1,0,0,Flareon,0.9 m,25.0 kg,Red,Fire,Unknown
#137,1,1,1,1,1,1,2,1,1,1,1,1,1,0,1,1,1,1,Porygon,0.8 m,36.5 kg,Pink,Normal,Unknown
#138,0,0,1,2,4,0,2,0,2,0,1,1,1,1,1,1,1,1,Omanyte,0.4 m,7.5 kg,Blue,Rock,Water
#139,0,0,1,2,4,0,2,0,2,0,1,1,1,1,1,1,1,1,Omastar,1.0 m,35.0 kg,Blue,Rock,Water
#140,0,0,1,2,4,0,2,0,2,0,1,1,1,1,1,1,1,1,Kabuto,0.5 m,11.5 kg,Brown,Rock,Water
#141,0,0,1,2,4,0,2,0,2,0,1,1,1,1,1,1,1,1,Kabutops,1.3 m,40.5 kg,Brown,Rock,Water
#142,0,0,2,2,1,2,1,0,0,0,1,0,2,1,1,1,2,1,Aerodactyl,1.8 m,59.0 kg,Purple,Rock,Flying
#143,1,1,1,1,1,1,2,1,1,1,1,1,1,0,1,1,1,1,Snorlax,2.1 m,460.0 kg,Black,Normal,Unknown
#144,1,2,1,2,0,1,1,1,0,1,1,0,4,1,1,1,2,1,Articuno,1.7 m,55.4 kg,Blue,Ice,Flying
#145,1,1,1,1,0,2,0,1,0,0,1,0,2,1,1,1,0,1,Zapdos,1.6 m,52.6 kg,Yellow,Electric,Flying
#146,1,0,2,2,0,1,0,1,0,1,1,0,4,1,1,1,0,0,Moltres,2.0 m,60.0 kg,Yellow,Fire,Flying
#147,1,0,0,0,0,2,1,1,1,1,1,1,1,1,2,1,1,2,Dratini,1.8 m,3.3 kg,Blue,Dragon,Unknown
#148,1,0,0,0,0,2,1,1,1,1,1,1,1,1,2,1,1,2,Dragonair,4.0 m,16.5 kg,Blue,Dragon,Unknown
#149,1,0,0,1,0,4,0,1,0,1,1,0,2,1,2,1,1,2,Dragonite,2.2 m,210.0 kg,Brown,Dragon,Flying
#150,1,1,1,1,1,1,0,1,1,1,0,2,1,2,1,2,1,1,Mewtwo,2.0 m,122.0 kg,Purple,Psychic,Unknown
#151,1,1,1,1,1,1,0,1,1,1,0,2,1,2,1,2,1,1,Mew,0.4 m,4.0 kg,Pink,Psychic,Unknown
#152,1,2,0,0,0,2,1,2,0,2,1,2,1,1,1,1,1,1,Chikorita,0.9 m,6.4 kg,Green,Grass,Unknown
#153,1,2,0,0,0,2,1,2,0,2,1,2,1,1,1,1,1,1,Bayleef,1.2 m,15.8 kg,Green,Grass,Unknown
#154,1,2,0,0,0,2,1,2,0,2,1,2,1,1,1,1,1,1,Meganium,1.8 m,100.5 kg,Green,Grass,Unknown
#155,1,0,2,1,0,0,1,1,2,1,1,0,2,1,1,1,0,0,Cyndaquil,0.5 m,7.9 kg,Yellow,Fire,Unknown
#156,1,0,2,1,0,0,1,1,2,1,1,0,2,1,1,1,0,0,Quilava,0.9 m,19.0 kg,Yellow,Fire,Unknown
#157,1,0,2,1,0,0,1,1,2,1,1,0,2,1,1,1,0,0,Typhlosion,1.7 m,79.5 kg,Yellow,Fire,Unknown
#158,1,0,0,2,2,0,1,1,1,1,1,1,1,1,1,1,0,1,Totodile,0.6 m,9.5 kg,Blue,Water,Unknown
#159,1,0,0,2,2,0,1,1,1,1,1,1,1,1,1,1,0,1,Croconaw,1.1 m,25.0 kg,Blue,Water,Unknown
#160,1,0,0,2,2,0,1,1,1,1,1,1,1,1,1,1,0,1,Feraligatr,2.3 m,88.8 kg,Blue,Water,Unknown
#161,1,1,1,1,1,1,2,1,1,1,1,1,1,0,1,1,1,1,Sentret,0.8 m,6.0 kg,Brown,Normal,Unknown
#162,1,1,1,1,1,1,2,1,1,1,1,1,1,0,1,1,1,1,Furret,1.8 m,32.5 kg,Brown,Normal,Unknown
#163,1,1,1,2,0,2,1,1,0,1,1,0,2,0,1,1,1,1,Hoothoot,0.7 m,21.2 kg,Brown,Normal,Flying
#164,1,1,1,2,0,2,1,1,0,1,1,0,2,0,1,1,1,1,Noctowl,1.6 m,40.8 kg,Brown,Normal,Flying
#165,1,2,1,2,0,2,0,1,0,2,1,0,4,1,1,1,1,1,Ledyba,1.0 m,10.8 kg,Red,Bug,Flying
#166,1,2,1,2,0,2,0,1,0,2,1,0,4,1,1,1,1,1,Ledian,1.4 m,35.6 kg,Red,Bug,Flying
#167,1,2,1,1,0,1,0,0,1,2,2,0,2,1,1,1,1,0,Spinarak,0.5 m,8.5 kg,Green,Bug,Poison
#168,1,2,1,1,0,1,0,0,1,2,2,0,2,1,1,1,1,0,Ariados,1.1 m,33.5 kg,Red,Bug,Poison
#169,1,1,1,2,0,2,0,0,0,1,2,0,2,1,1,1,1,0,Crobat,1.8 m,75.0 kg,Purple,Poison,Flying
#170,1,0,0,1,2,0,1,1,2,0,1,1,1,1,1,1,0,1,Chinchou,0.5 m,12.0 kg,Blue,Water,Electric
#171,1,0,0,1,2,0,1,1,2,0,1,1,1,1,1,1,0,1,Lanturn,1.2 m,22.5 kg,Blue,Water,Electric
#172,1,1,1,0,1,1,1,1,2,0,1,1,1,1,1,1,0,1,Pichu,0.3 m,2.0 kg,Yellow,Electric,Unknown
#173,1,1,1,1,1,1,0,2,1,1,1,0,1,1,0,0,2,1,Cleffa,0.3 m,3.0 kg,Pink,Fairy,Unknown
#174,1,1,1,1,1,1,1,2,1,1,1,0,1,0,0,0,2,1,Igglybuff,0.3 m,1.0 kg,Pink,Normal,Fairy
#175,1,1,1,1,1,1,0,2,1,1,1,0,1,1,0,0,2,1,Togepi,0.3 m,1.5 kg,White,Fairy,Unknown
#176,1,1,1,2,0,2,0,2,0,1,1,0,2,1,0,0,2,1,Togetic,0.6 m,3.2 kg,White,Fairy,Flying
#177,1,1,1,2,0,2,0,1,0,1,0,1,2,2,1,2,1,1,Natu,0.2 m,2.0 kg,Green,Psychic,Flying
#178,1,1,1,2,0,2,0,1,0,1,0,1,2,2,1,2,1,1,Xatu,1.5 m,15.0 kg,Green,Psychic,Flying
#179,1,1,1,0,1,1,1,1,2,0,1,1,1,1,1,1,0,1,Mareep,0.6 m,7.8 kg,White,Electric,Unknown
#180,1,1,1,0,1,1,1,1,2,0,1,1,1,1,1,1,0,1,Flaaffy,0.8 m,13.3 kg,Pink,Electric,Unknown
#181,1,1,1,0,1,1,1,1,2,0,1,1,1,1,1,1,0,1,Ampharos,1.4 m,61.5 kg,Yellow,Electric,Unknown
#182,1,2,0,0,0,2,1,2,0,2,1,2,1,1,1,1,1,1,Bellossom,0.4 m,5.8 kg,Green,Grass,Unknown
#183,1,0,0,2,2,0,0,2,1,1,1,0,1,1,0,0,1,1,Marill,0.4 m,8.5 kg,Blue,Water,Fairy
#184,1,0,0,2,2,0,0,2,1,1,1,0,1,1,0,0,1,1,Azumarill,0.8 m,28.5 kg,Blue,Water,Fairy
#185,0,0,2,1,2,1,2,0,2,0,1,1,1,1,1,1,2,1,Sudowoodo,1.2 m,38.0 kg,Brown,Rock,Unknown
#186,1,0,0,2,2,0,1,1,1,1,1,1,1,1,1,1,0,1,Politoed,1.1 m,33.9 kg,Green,Water,Unknown
#187,1,2,0,1,0,4,0,2,0,2,1,1,2,1,1,1,1,1,Hoppip,0.4 m,0.5 kg,Pink,Grass,Flying
#188,1,2,0,1,0,4,0,2,0,2,1,1,2,1,1,1,1,1,Skiploom,0.6 m,1.0 kg,Green,Grass,Flying
#189,1,2,0,1,0,4,0,2,0,2,1,1,2,1,1,1,1,1,Jumpluff,0.8 m,3.0 kg,Blue,Grass,Flying
#190,1,1,1,1,1,1,2,1,1,1,1,1,1,0,1,1,1,1,Aipom,0.8 m,11.5 kg,Purple,Normal,Unknown
#191,1,2,0,0,0,2,1,2,0,2,1,2,1,1,1,1,1,1,Sunkern,0.3 m,1.8 kg,Yellow,Grass,Unknown
#192,1,2,0,0,0,2,1,2,0,2,1,2,1,1,1,1,1,1,Sunflora,0.8 m,8.5 kg,Yellow,Grass,Unknown
#193,1,2,1,2,0,2,0,1,0,2,1,0,4,1,1,1,1,1,Yanma,1.2 m,38.0 kg,Red,Bug,Flying
#194,1,0,1,0,4,1,1,0,1,1,1,1,0,1,1,1,0,1,Wooper,0.4 m,8.5 kg,Blue,Water,Ground
#195,1,0,1,0,4,1,1,0,1,1,1,1,0,1,1,1,0,1,Quagsire,1.4 m,75.0 kg,Blue,Water,Ground
#196,1,1,1,1,1,1,0,1,1,1,0,2,1,2,1,2,1,1,Espeon,0.9 m,26.5 kg,Purple,Psychic,Unknown
#197,1,1,1,1,1,1,2,1,1,1,0,2,1,0,1,0,1,2,Umbreon,1.0 m,27.0 kg,Black,Dark,Unknown
#198,1,1,1,2,0,2,1,1,0,1,0,1,2,0,1,0,1,2,Murkrow,0.5 m,2.1 kg,Black,Dark,Flying
#199,1,0,0,2,2,0,0,1,1,1,0,2,1,2,1,2,0,1,Slowking,2.0 m,79.5 kg,Pink,Water,Psychic
#200,0,1,1,1,1,1,0,0,1,1,1,0,1,2,1,2,1,1,Misdreavus,0.7 m,1.0 kg,Gray,Ghost,Unknown
#201,1,1,1,1,1,1,0,1,1,1,0,2,1,2,1,2,1,1,Unown,0.5 m,5.0 kg,Black,Psychic,Unknown
#202,1,1,1,1,1,1,0,1,1,1,0,2,1,2,1,2,1,1,Wobbuffet,1.3 m,28.5 kg,Blue,Psychic,Unknown
#203,1,1,1,1,1,1,1,1,1,1,0,2,1,0,1,2,1,1,Girafarig,1.5 m,41.5 kg,Yellow,Normal,Psychic
#204,1,2,1,1,0,1,0,1,0,2,1,1,2,1,1,1,1,1,Pineco,0.6 m,7.2 kg,Gray,Bug,Unknown
#205,0,4,1,1,0,0,1,0,1,1,0,0,1,1,0,1,0,0,Forretress,1.2 m,125.8 kg,Purple,Bug,Steel
#206,1,1,1,1,1,1,2,1,1,1,1,1,1,0,1,1,1,1,Dunsparce,1.5 m,14.0 kg,Yellow,Normal,Unknown
#207,1,1,2,0,1,4,0,0,0,1,1,0,1,1,1,1,1,1,Gligar,1.1 m,64.8 kg,Purple,Ground,Flying
#208,0,2,2,0,1,1,2,0,2,0,0,0,0,1,0,1,0,0,Steelix,9.2 m,400.0 kg,Gray,Steel,Ground
#209,1,1,1,1,1,1,0,2,1,1,1,0,1,1,0,0,2,1,Snubbull,0.6 m,7.8 kg,Pink,Fairy,Unknown
#210,1,1,1,1,1,1,0,2,1,1,1,0,1,1,0,0,2,1,Granbull,1.4 m,48.7 kg,Purple,Fairy,Unknown
#211,1,0,0,2,1,0,0,0,2,1,2,0,1,1,1,1,0,0,Qwilfish,0.5 m,3.9 kg,Gray,Water,Poison
#212,0,4,1,1,0,0,1,0,1,1,0,0,1,1,0,1,0,0,Scizor,1.8 m,118.0 kg,Red,Bug,Steel
#213,0,1,2,1,1,1,1,0,1,1,1,1,2,1,1,1,2,1,Shuckle,0.6 m,20.5 kg,Yellow,Bug,Rock
#214,1,2,1,1,0,1,0,1,0,4,2,0,1,1,1,0,1,2,Heracross,1.5 m,54.0 kg,Blue,Bug,Fighting
#215,1,2,1,1,1,0,4,1,1,1,0,2,2,0,1,0,2,2,Sneasel,0.9 m,28.0 kg,Black,Dark,Ice
#216,1,1,1,1,1,1,2,1,1,1,1,1,1,0,1,1,1,1,Teddiursa,0.6 m,8.8 kg,Brown,Normal,Unknown
#217,1,1,1,1,1,1,2,1,1,1,1,1,1,0,1,1,1,1,Ursaring,1.8 m,125.8 kg,Brown,Normal,Unknown
#218,1,0,2,1,0,0,1,1,2,1,1,0,2,1,1,1,0,0,Slugma,0.7 m,35.0 kg,Red,Fire,Unknown
#219,0,0,4,1,1,0,2,0,4,0,1,0,2,1,1,1,1,0,Magcargo,0.8 m,55.0 kg,Red,Fire,Rock
#220,1,2,2,0,2,1,2,0,1,1,1,1,1,1,1,1,2,1,Swinub,0.4 m,6.5 kg,Brown,Ice,Ground
#221,1,2,2,0,2,1,2,0,1,1,1,1,1,1,1,1,2,1,Piloswine,1.1 m,55.8 kg,Brown,Ice,Ground
#222,0,0,1,2,4,0,2,0,2,0,1,1,1,1,1,1,1,1,Corsola,0.6 m,5.0 kg,Pink,Water,Rock
#223,1,0,0,2,2,0,1,1,1,1,1,1,1,1,1,1,0,1,Remoraid,0.6 m,12.0 kg,Gray,Water,Unknown
#224,1,0,0,2,2,0,1,1,1,1,1,1,1,1,1,1,0,1,Octillery,0.9 m,28.5 kg,Red,Water,Unknown
#225,1,2,1,2,0,1,1,1,0,1,1,0,4,1,1,1,2,1,Delibird,0.9 m,16.0 kg,Red,Ice,Flying
#226,1,0,0,4,1,1,0,1,0,1,1,0,2,1,1,1,0,1,Mantine,2.1 m,220.0 kg,Purple,Water,Flying
#227,0,2,1,2,0,1,1,0,0,0,0,0,1,1,0,1,0,0,Skarmory,1.7 m,50.5 kg,Gray,Steel,Flying
#228,1,0,2,1,0,0,2,1,2,1,0,1,2,0,1,0,0,1,Houndour,0.6 m,10.8 kg,Black,Dark,Fire
#229,1,0,2,1,0,0,2,1,2,1,0,1,2,0,1,0,0,1,Houndoom,1.4 m,35.0 kg,Black,Dark,Fire
#230,1,0,0,1,1,1,1,1,1,1,1,1,1,1,2,1,0,2,Kingdra,1.8 m,152.0 kg,Blue,Water,Dragon
#231,1,1,2,0,2,2,1,0,1,1,1,1,0,1,1,1,1,1,Phanpy,0.5 m,33.5 kg,Blue,Ground,Unknown
#232,1,1,2,0,2,2,1,0,1,1,1,1,0,1,1,1,1,1,Donphan,1.1 m,120.0 kg,Gray,Ground,Unknown
#233,1,1,1,1,1,1,2,1,1,1,1,1,1,0,1,1,1,1,Porygon2,0.6 m,32.5 kg,Red,Normal,Unknown
#234,1,1,1,1,1,1,2,1,1,1,1,1,1,0,1,1,1,1,Stantler,1.4 m,71.2 kg,Brown,Normal,Unknown
#235,1,1,1,1,1,1,2,1,1,1,1,1,1,0,1,1,1,1,Smeargle,1.2 m,58.0 kg,White,Normal,Unknown
#236,1,1,1,1,1,1,1,1,1,2,2,0,0,1,1,0,1,2,Tyrogue,0.7 m,21.0 kg,Purple,Fighting,Unknown
#237,1,1,1,1,1,1,1,1,1,2,2,0,0,1,1,0,1,2,Hitmontop,1.4 m,48.0 kg,Brown,Fighting,Unknown
#238,1,2,1,1,1,0,1,1,1,1,0,2,2,2,1,2,2,1,Smoochum,0.4 m,6.0 kg,Pink,Ice,Psychic
#239,1,1,1,0,1,1,1,1,2,0,1,1,1,1,1,1,0,1,Elekid,0.6 m,23.5 kg,Yellow,Electric,Unknown
#240,1,0,2,1,0,0,1,1,2,1,1,0,2,1,1,1,0,0,Magby,0.7 m,21.4 kg,Red,Fire,Unknown
#241,1,1,1,1,1,1,2,1,1,1,1,1,1,0,1,1,1,1,Miltank,1.2 m,75.5 kg,Pink,Normal,Unknown
#242,1,1,1,1,1,1,2,1,1,1,1,1,1,0,1,1,1,1,Blissey,1.5 m,46.8 kg,Pink,Normal,Unknown
#243,1,1,1,0,1,1,1,1,2,0,1,1,1,1,1,1,0,1,Raikou,1.9 m,178.0 kg,Yellow,Electric,Unknown
#244,1,0,2,1,0,0,1,1,2,1,1,0,2,1,1,1,0,0,Entei,2.1 m,198.0 kg,Brown,Fire,Unknown
#245,1,0,0,2,2,0,1,1,1,1,1,1,1,1,1,1,0,1,Suicune,2.0 m,187.0 kg,Blue,Water,Unknown
#246,0,0,4,0,4,2,2,0,2,0,1,1,0,1,1,1,2,1,Larvitar,0.6 m,72.0 kg,Green,Rock,Ground
#247,0,0,4,0,4,2,2,0,2,0,1,1,0,1,1,1,2,1,Pupitar,1.2 m,152.0 kg,Gray,Rock,Ground
#248,0,0,2,1,2,1,4,0,2,0,0,2,1,0,1,0,2,2,Tyranitar,2.0 m,202.0 kg,Green,Rock,Dark
#249,1,1,1,2,0,2,0,1,0,1,0,1,2,2,1,2,1,1,Lugia,5.2 m,216.0 kg,White,Psychic,Flying
#250,1,0,2,2,0,1,0,1,0,1,1,0,4,1,1,1,0,0,Ho-Oh,3.8 m,199.0 kg,Red,Fire,Flying
#251,1,2,0,0,0,2,0,2,0,2,0,4,1,2,1,2,1,1,Celebi,0.6 m,5.0 kg,Green,Psychic,Grass
#252,1,2,0,0,0,2,1,2,0,2,1,2,1,1,1,1,1,1,Treecko,0.5 m,5.0 kg,Green,Grass,Unknown
#253,1,2,0,0,0,2,1,2,0,2,1,2,1,1,1,1,1,1,Grovyle,0.9 m,21.6 kg,Green,Grass,Unknown
#254,1,2,0,0,0,2,1,2,0,2,1,2,1,1,1,1,1,1,Sceptile,1.7 m,52.2 kg,Green,Grass,Unknown
#255,1,0,2,1,0,0,1,1,2,1,1,0,2,1,1,1,0,0,Torchic,0.4 m,2.5 kg,Red,Fire,Unknown
#256,1,0,2,1,0,0,1,1,2,2,2,0,1,1,1,0,0,1,Combusken,0.9 m,19.5 kg,Red,Fire,Fighting
#257,1,0,2,1,0,0,1,1,2,2,2,0,1,1,1,0,0,1,Blaziken,1.9 m,52.0 kg,Red,Fire,Fighting
#258,1,0,0,2,2,0,1,1,1,1,1,1,1,1,1,1,0,1,Mudkip,0.4 m,7.6 kg,Blue,Water,Unknown
#259,1,0,1,0,4,1,1,0,1,1,1,1,0,1,1,1,0,1,Marshtomp,0.7 m,28.0 kg,Blue,Water,Ground
#260,1,0,1,0,4,1,1,0,1,1,1,1,0,1,1,1,0,1,Swampert,1.5 m,81.9 kg,Blue,Water,Ground
#261,1,1,1,1,1,1,2,1,1,1,0,2,1,0,1,0,1,2,Poochyena,0.5 m,13.6 kg,Gray,Dark,Unknown
#262,1,1,1,1,1,1,2,1,1,1,0,2,1,0,1,0,1,2,Mightyena,1.0 m,37.0 kg,Gray,Dark,Unknown
#263,1,1,1,1,1,1,2,1,1,1,1,1,1,0,1,1,1,1,Zigzagoon,0.4 m,17.5 kg,Brown,Normal,Unknown
#264,1,1,1,1,1,1,2,1,1,1,1,1,1,0,1,1,1,1,Linoone,0.5 m,32.5 kg,White,Normal,Unknown
#265,1,2,1,1,0,1,0,1,0,2,1,1,2,1,1,1,1,1,Wurmple,0.3 m,3.6 kg,Red,Bug,Unknown
#266,1,2,1,1,0,1,0,1,0,2,1,1,2,1,1,1,1,1,Silcoon,0.6 m,10.0 kg,White,Bug,Unknown
#267,1,2,1,2,0,2,0,1,0,2,1,0,4,1,1,1,1,1,Beautifly,1.0 m,28.4 kg,Yellow,Bug,Flying
#268,1,2,1,1,0,1,0,1,0,2,1,1,2,1,1,1,1,1,Cascoon,0.7 m,11.5 kg,Purple,Bug,Unknown
#269,1,2,1,1,0,1,0,0,1,2,2,0,2,1,1,1,1,0,Dustox,1.2 m,31.6 kg,Green,Bug,Poison
#270,1,1,0,1,1,1,1,2,0,2,1,2,1,1,1,1,0,1,Lotad,0.5 m,2.6 kg,Green,Water,Grass
#271,1,1,0,1,1,1,1,2,0,2,1,2,1,1,1,1,0,1,Lombre,1.2 m,32.5 kg,Green,Water,Grass
#272,1,1,0,1,1,1,1,2,0,2,1,2,1,1,1,1,0,1,Ludicolo,1.5 m,55.0 kg,Green,Water,Grass
#273,1,2,0,0,0,2,1,2,0,2,1,2,1,1,1,1,1,1,Seedot,0.5 m,4.0 kg,Brown,Grass,Unknown
#274,1,2,0,0,0,2,2,2,0,2,0,4,1,0,1,0,1,2,Nuzleaf,1.0 m,28.0 kg,Brown,Grass,Dark
#275,1,2,0,0,0,2,2,2,0,2,0,4,1,0,1,0,1,2,Shiftry,1.3 m,59.6 kg,Brown,Grass,Dark
#276,1,1,1,2,0,2,1,1,0,1,1,0,2,0,1,1,1,1,Taillow,0.3 m,2.3 kg,Blue,Normal,Flying
#277,1,1,1,2,0,2,1,1,0,1,1,0,2,0,1,1,1,1,Swellow,0.7 m,19.8 kg,Blue,Normal,Flying
#278,1,0,0,4,1,1,0,1,0,1,1,0,2,1,1,1,0,1,Wingull,0.6 m,9.5 kg,White,Water,Flying
#279,1,0,0,4,1,1,0,1,0,1,1,0,2,1,1,1,0,1,Pelipper,1.2 m,28.0 kg,Yellow,Water,Flying
#280,1,1,1,1,1,1,0,2,1,1,0,1,1,2,0,1,2,1,Ralts,0.4 m,6.6 kg,White,Psychic,Fairy
#281,1,1,1,1,1,1,0,2,1,1,0,1,1,2,0,1,2,1,Kirlia,0.8 m,20.2 kg,White,Psychic,Fairy
#282,1,1,1,1,1,1,0,2,1,1,0,1,1,2,0,1,2,1,Gardevoir,1.6 m,48.4 kg,White,Psychic,Fairy
#283,1,1,0,2,1,0,0,1,0,2,1,1,2,1,1,1,0,1,Surskit,0.5 m,1.7 kg,Blue,Bug,Water
#284,1,2,1,2,0,2,0,1,0,2,1,0,4,1,1,1,1,1,Masquerain,0.8 m,3.6 kg,Blue,Bug,Flying
#285,1,2,0,0,0,2,1,2,0,2,1,2,1,1,1,1,1,1,Shroomish,0.4 m,4.5 kg,Brown,Grass,Unknown
#286,1,2,0,0,0,2,1,2,0,4,2,1,0,1,1,0,1,2,Breloom,1.2 m,39.2 kg,Green,Grass,Fighting
#287,1,1,1,1,1,1,2,1,1,1,1,1,1,0,1,1,1,1,Slakoth,0.8 m,24.0 kg,Brown,Normal,Unknown
#288,1,1,1,1,1,1,2,1,1,1,1,1,1,0,1,1,1,1,Vigoroth,1.4 m,46.5 kg,White,Normal,Unknown
#289,1,1,1,1,1,1,2,1,1,1,1,1,1,0,1,1,1,1,Slaking,2.0 m,130.5 kg,Brown,Normal,Unknown
#290,1,2,2,0,1,2,0,0,0,2,1,1,1,1,1,1,1,1,Nincada,0.5 m,5.5 kg,Gray,Bug,Ground
#291,1,2,1,2,0,2,0,1,0,2,1,0,4,1,1,1,1,1,Ninjask,0.8 m,12.0 kg,Yellow,Bug,Flying
#292,0,2,1,1,0,1,0,0,0,2,1,0,2,2,1,2,1,1,Shedinja,0.8 m,1.2 kg,Brown,Bug,Ghost
#293,1,1,1,1,1,1,2,1,1,1,1,1,1,0,1,1,1,1,Whismur,0.6 m,16.3 kg,Pink,Normal,Unknown
#294,1,1,1,1,1,1,2,1,1,1,1,1,1,0,1,1,1,1,Loudred,1.0 m,40.5 kg,Blue,Normal,Unknown
#295,1,1,1,1,1,1,2,1,1,1,1,1,1,0,1,1,1,1,Exploud,1.5 m,84.0 kg,Blue,Normal,Unknown
#296,1,1,1,1,1,1,1,1,1,2,2,0,0,1,1,0,1,2,Makuhita,1.0 m,86.4 kg,Yellow,Fighting,Unknown
#297,1,1,1,1,1,1,1,1,1,2,2,0,0,1,1,0,1,2,Hariyama,2.3 m,253.8 kg,Brown,Fighting,Unknown
#298,1,1,1,1,1,1,1,2,1,1,1,0,1,0,0,0,2,1,Azurill,0.2 m,2.0 kg,Blue,Normal,Fairy
#299,0,0,2,1,2,1,2,0,2,0,1,1,1,1,1,1,2,1,Nosepass,1.0 m,97.0 kg,Gray,Rock,Unknown
#300,1,1,1,1,1,1,2,1,1,1,1,1,1,0,1,1,1,1,Skitty,0.6 m,11.0 kg,Pink,Normal,Unknown
#301,1,1,1,1,1,1,2,1,1,1,1,1,1,0,1,1,1,1,Delcatty,1.1 m,32.6 kg,Purple,Normal,Unknown
#302,0,1,1,1,1,1,0,0,1,1,0,1,1,1,1,1,1,2,Sableye,0.5 m,11.0 kg,Purple,Dark,Ghost
#303,0,2,1,1,0,0,1,0,2,0,0,0,0,1,0,0,1,0,Mawile,0.6 m,11.5 kg,Black,Steel,Fairy
#304,0,1,2,1,1,0,4,0,4,0,0,0,0,1,0,1,1,0,Aron,0.4 m,60.0 kg,Gray,Steel,Rock
#305,0,1,2,1,1,0,4,0,4,0,0,0,0,1,0,1,1,0,Lairon,0.9 m,120.0 kg,Gray,Steel,Rock
#306,0,1,2,1,1,0,4,0,4,0,0,0,0,1,0,1,1,0,Aggron,2.1 m,360.0 kg,Gray,Steel,Rock
#307,1,1,1,1,1,1,0,1,1,2,1,1,0,2,1,1,1,2,Meditite,0.6 m,11.2 kg,Blue,Fighting,Psychic
#308,1,1,1,1,1,1,0,1,1,2,1,1,0,2,1,1,1,2,Medicham,1.3 m,31.5 kg,Red,Fighting,Psychic
#309,1,1,1,0,1,1,1,1,2,0,1,1,1,1,1,1,0,1,Electrike,0.6 m,15.2 kg,Green,Electric,Unknown
#310,1,1,1,0,1,1,1,1,2,0,1,1,1,1,1,1,0,1,Manectric,1.5 m,40.2 kg,Yellow,Electric,Unknown
#311,1,1,1,0,1,1,1,1,2,0,1,1,1,1,1,1,0,1,Plusle,0.4 m,4.2 kg,Yellow,Electric,Unknown
#312,1,1,1,0,1,1,1,1,2,0,1,1,1,1,1,1,0,1,Minun,0.4 m,4.2 kg,Yellow,Electric,Unknown
#313,1,2,1,1,0,1,0,1,0,2,1,1,2,1,1,1,1,1,Volbeat,0.7 m,17.7 kg,Gray,Bug,Unknown
#314,1,2,1,1,0,1,0,1,0,2,1,1,2,1,1,1,1,1,Illumise,0.6 m,17.7 kg,Purple,Bug,Unknown
#315,1,2,0,0,0,2,0,1,1,2,2,1,1,1,1,1,1,0,Roselia,0.3 m,2.0 kg,Green,Grass,Poison
#316,1,1,1,1,0,1,0,0,2,1,2,0,1,1,1,1,1,0,Gulpin,0.4 m,10.3 kg,Green,Poison,Unknown
#317,1,1,1,1,0,1,0,0,2,1,2,0,1,1,1,1,1,0,Swalot,1.7 m,80.0 kg,Purple,Poison,Unknown
#318,1,0,0,2,2,0,2,1,1,1,0,2,1,0,1,0,0,2,Carvanha,0.8 m,20.8 kg,Red,Water,Dark
#319,1,0,0,2,2,0,2,1,1,1,0,2,1,0,1,0,0,2,Sharpedo,1.8 m,88.8 kg,Blue,Water,Dark
#320,1,0,0,2,2,0,1,1,1,1,1,1,1,1,1,1,0,1,Wailmer,2.0 m,130.0 kg,Blue,Water,Unknown
#321,1,0,0,2,2,0,1,1,1,1,1,1,1,1,1,1,0,1,Wailord,14.5 m,398.0 kg,Blue,Water,Unknown
#322,1,0,4,0,1,1,1,0,2,1,1,0,1,1,1,1,0,0,Numel,0.7 m,24.0 kg,Yellow,Fire,Ground
#323,1,0,4,0,1,1,1,0,2,1,1,0,1,1,1,1,0,0,Camerupt,1.9 m,220.0 kg,Red,Fire,Ground
#324,1,0,2,1,0,0,1,1,2,1,1,0,2,1,1,1,0,0,Torkoal,0.5 m,80.4 kg,Brown,Fire,Unknown
#325,1,1,1,1,1,1,0,1,1,1,0,2,1,2,1,2,1,1,Spoink,0.7 m,30.6 kg,Black,Psychic,Unknown
#326,1,1,1,1,1,1,0,1,1,1,0,2,1,2,1,2,1,1,Grumpig,0.9 m,71.5 kg,Purple,Psychic,Unknown
#327,1,1,1,1,1,1,2,1,1,1,1,1,1,0,1,1,1,1,Spinda,1.1 m,5.0 kg,Brown,Normal,Unknown
#328,1,1,2,0,2,2,1,0,1,1,1,1,0,1,1,1,1,1,Trapinch,0.7 m,15.0 kg,Brown,Ground,Unknown
#329,1,0,1,0,1,4,1,0,1,1,1,1,0,1,2,1,1,2,Vibrava,1.1 m,15.3 kg,Green,Ground,Dragon
#330,1,0,1,0,1,4,1,0,1,1,1,1,0,1,2,1,1,2,Flygon,2.0 m,82.0 kg,Green,Ground,Dragon
#331,1,2,0,0,0,2,1,2,0,2,1,2,1,1,1,1,1,1,Cacnea,0.4 m,51.3 kg,Green,Grass,Unknown
#332,1,2,0,0,0,2,2,2,0,2,0,4,1,0,1,0,1,2,Cacturne,1.3 m,77.4 kg,Green,Grass,Dark
#333,1,1,1,2,0,2,1,1,0,1,1,0,2,0,1,1,1,1,Swablu,0.4 m,1.2 kg,Blue,Normal,Flying
#334,1,0,0,1,0,4,0,1,0,1,1,0,2,1,2,1,1,2,Altaria,1.1 m,20.6 kg,Blue,Dragon,Flying
#335,1,1,1,1,1,1,2,1,1,1,1,1,1,0,1,1,1,1,Zangoose,1.3 m,40.3 kg,White,Normal,Unknown
#336,1,1,1,1,0,1,0,0,2,1,2,0,1,1,1,1,1,0,Seviper,2.7 m,52.5 kg,Black,Poison,Unknown
#337,0,0,2,1,2,1,1,0,2,0,0,2,1,2,1,2,2,1,Lunatone,1.0 m,168.0 kg,Yellow,Rock,Psychic
#338,0,0,2,1,2,1,1,0,2,0,0,2,1,2,1,2,2,1,Solrock,1.2 m,154.0 kg,Red,Rock,Psychic
#339,1,0,1,0,4,1,1,0,1,1,1,1,0,1,1,1,0,1,Barboach,0.4 m,1.9 kg,Gray,Water,Ground
#340,1,0,1,0,4,1,1,0,1,1,1,1,0,1,1,1,0,1,Whiscash,0.9 m,23.6 kg,Blue,Water,Ground
#341,1,0,0,2,2,0,1,1,1,1,1,1,1,1,1,1,0,1,Corphish,0.6 m,11.5 kg,Red,Water,Unknown
#342,1,0,0,2,2,0,2,1,1,1,0,2,1,0,1,0,0,2,Crawdaunt,1.1 m,32.8 kg,Red,Water,Dark
#343,1,1,2,0,2,2,0,0,1,1,0,2,0,2,1,2,1,1,Baltoy,0.5 m,21.5 kg,Brown,Ground,Psychic
#344,1,1,2,0,2,2,0,0,1,1,0,2,0,2,1,2,1,1,Claydol,1.5 m,108.0 kg,Black,Ground,Psychic
#345,0,1,1,0,1,2,2,1,1,1,1,2,1,1,1,1,2,1,Lileep,1.0 m,23.8 kg,Purple,Rock,Grass
#346,0,1,1,0,1,2,2,1,1,1,1,2,1,1,1,1,2,1,Cradily,1.5 m,60.4 kg,Green,Rock,Grass
#347,0,1,2,1,1,1,1,0,1,1,1,1,2,1,1,1,2,1,Anorith,0.7 m,12.5 kg,Gray,Rock,Bug
#348,0,1,2,1,1,1,1,0,1,1,1,1,2,1,1,1,2,1,Armaldo,1.5 m,68.2 kg,Gray,Rock,Bug
#349,1,0,0,2,2,0,1,1,1,1,1,1,1,1,1,1,0,1,Feebas,0.6 m,7.4 kg,Brown,Water,Unknown
#350,1,0,0,2,2,0,1,1,1,1,1,1,1,1,1,1,0,1,Milotic,6.2 m,162.0 kg,Pink,Water,Unknown
#351,1,1,1,1,1,1,2,1,1,1,1,1,1,0,1,1,1,1,Castform,0.3 m,0.8 kg,Gray,Normal,Unknown
#352,1,1,1,1,1,1,2,1,1,1,1,1,1,0,1,1,1,1,Kecleon,1.0 m,22.0 kg,Green,Normal,Unknown
#353,0,1,1,1,1,1,0,0,1,1,1,0,1,2,1,2,1,1,Shuppet,0.6 m,2.3 kg,Black,Ghost,Unknown
#354,0,1,1,1,1,1,0,0,1,1,1,0,1,2,1,2,1,1,Banette,1.1 m,12.5 kg,Black,Ghost,Unknown
#355,0,1,1,1,1,1,0,0,1,1,1,0,1,2,1,2,1,1,Duskull,0.8 m,15.0 kg,Black,Ghost,Unknown
#356,0,1,1,1,1,1,0,0,1,1,1,0,1,2,1,2,1,1,Dusclops,1.6 m,30.6 kg,Black,Ghost,Unknown
#357,1,2,0,1,0,4,0,2,0,2,1,1,2,1,1,1,1,1,Tropius,2.0 m,100.0 kg,Green,Grass,Flying
#358,1,1,1,1,1,1,0,1,1,1,0,2,1,2,1,2,1,1,Chimecho,0.6 m,1.0 kg,Blue,Psychic,Unknown
#359,1,1,1,1,1,1,2,1,1,1,0,2,1,0,1,0,1,2,Absol,1.2 m,47.0 kg,White,Dark,Unknown
#360,1,1,1,1,1,1,0,1,1,1,0,2,1,2,1,2,1,1,Wynaut,0.6 m,14.0 kg,Blue,Psychic,Unknown
#361,1,2,1,1,1,0,2,1,1,1,1,1,2,1,1,1,2,1,Snorunt,0.7 m,16.8 kg,Gray,Ice,Unknown
#362,1,2,1,1,1,0,2,1,1,1,1,1,2,1,1,1,2,1,Glalie,1.5 m,256.5 kg,Gray,Ice,Unknown
#363,1,1,0,2,2,0,2,1,1,1,1,1,2,1,1,1,1,1,Spheal,0.8 m,39.5 kg,Blue,Ice,Water
#364,1,1,0,2,2,0,2,1,1,1,1,1,2,1,1,1,1,1,Sealeo,1.1 m,87.6 kg,Blue,Ice,Water
#365,1,1,0,2,2,0,2,1,1,1,1,1,2,1,1,1,1,1,Walrein,1.4 m,150.6 kg,Blue,Ice,Water
#366,1,0,0,2,2,0,1,1,1,1,1,1,1,1,1,1,0,1,Clamperl,0.4 m,52.5 kg,Blue,Water,Unknown
#367,1,0,0,2,2,0,1,1,1,1,1,1,1,1,1,1,0,1,Huntail,1.7 m,27.0 kg,Blue,Water,Unknown
#368,1,0,0,2,2,0,1,1,1,1,1,1,1,1,1,1,0,1,Gorebyss,1.8 m,22.6 kg,Pink,Water,Unknown
#369,0,0,1,2,4,0,2,0,2,0,1,1,1,1,1,1,1,1,Relicanth,1.0 m,23.4 kg,Gray,Water,Rock
#370,1,0,0,2,2,0,1,1,1,1,1,1,1,1,1,1,0,1,Luvdisc,0.6 m,8.7 kg,Pink,Water,Unknown
#371,1,0,0,0,0,2,1,1,1,1,1,1,1,1,2,1,1,2,Bagon,0.6 m,42.1 kg,Blue,Dragon,Unknown
#372,1,0,0,0,0,2,1,1,1,1,1,1,1,1,2,1,1,2,Shelgon,1.1 m,110.5 kg,White,Dragon,Unknown
#373,1,0,0,1,0,4,0,1,0,1,1,0,2,1,2,1,1,2,Salamence,1.5 m,102.6 kg,Blue,Dragon,Flying
#374,0,2,1,1,0,0,1,0,2,0,0,1,0,2,0,2,0,0,Beldum,0.6 m,95.2 kg,Blue,Steel,Psychic
#375,0,2,1,1,0,0,1,0,2,0,0,1,0,2,0,2,0,0,Metang,1.2 m,202.5 kg,Blue,Steel,Psychic
#376,0,2,1,1,0,0,1,0,2,0,0,1,0,2,0,2,0,0,Metagross,1.6 m,550.0 kg,Blue,Steel,Psychic
#377,0,0,2,1,2,1,2,0,2,0,1,1,1,1,1,1,2,1,Regirock,1.7 m,230.0 kg,Brown,Rock,Unknown
#378,1,2,1,1,1,0,2,1,1,1,1,1,2,1,1,1,2,1,Regice,1.8 m,175.0 kg,Blue,Ice,Unknown
#379,0,2,1,1,0,0,2,0,2,0,0,0,0,1,0,1,0,0,Registeel,1.9 m,205.0 kg,Gray,Steel,Unknown
#380,1,0,0,0,0,2,0,1,1,1,0,2,1,2,2,2,1,2,Latias,1.4 m,40.0 kg,Red,Dragon,Psychic
#381,1,0,0,0,0,2,0,1,1,1,0,2,1,2,2,2,1,2,Latios,2.0 m,60.0 kg,Blue,Dragon,Psychic
#382,1,0,0,2,2,0,1,1,1,1,1,1,1,1,1,1,0,1,Kyogre,4.5 m,352.0 kg,Blue,Water,Unknown
#383,1,1,2,0,2,2,1,0,1,1,1,1,0,1,1,1,1,1,Groudon,3.5 m,950.0 kg,Red,Ground,Unknown
#384,1,0,0,1,0,4,0,1,0,1,1,0,2,1,2,1,1,2,Rayquaza,7.0 m,206.5 kg,Green,Dragon,Flying
#385,0,2,1,1,0,0,1,0,2,0,0,1,0,2,0,2,0,0,Jirachi,0.3 m,1.1 kg,Yellow,Steel,Psychic
#386,1,1,1,1,1,1,0,1,1,1,0,2,1,2,1,2,1,1,Deoxys,1.7 m,60.8 kg,Red,Psychic,Unknown
#387,1,2,0,0,0,2,1,2,0,2,1,2,1,1,1,1,1,1,Turtwig,0.4 m,10.2 kg,Green,Grass,Unknown
#388,1,2,0,0,0,2,1,2,0,2,1,2,1,1,1,1,1,1,Grotle,1.1 m,97.0 kg,Green,Grass,Unknown
#389,1,2,1,0,1,4,1,1,0,2,1,2,0,1,1,1,1,1,Torterra,2.2 m,310.0 kg,Green,Grass,Ground
#390,1,0,2,1,0,0,1,1,2,1,1,0,2,1,1,1,0,0,Chimchar,0.5 m,6.2 kg,Brown,Fire,Unknown
#391,1,0,2,1,0,0,1,1,2,2,2,0,1,1,1,0,0,1,Monferno,0.9 m,22.0 kg,Brown,Fire,Fighting
#392,1,0,2,1,0,0,1,1,2,2,2,0,1,1,1,0,0,1,Infernape,1.2 m,55.0 kg,Brown,Fire,Fighting
#393,1,0,0,2,2,0,1,1,1,1,1,1,1,1,1,1,0,1,Piplup,0.4 m,5.2 kg,Blue,Water,Unknown
#394,1,0,0,2,2,0,1,1,1,1,1,1,1,1,1,1,0,1,Prinplup,0.8 m,23.0 kg,Blue,Water,Unknown
#395,0,1,0,2,1,0,2,0,2,0,0,0,0,1,0,1,0,0,Empoleon,1.7 m,84.5 kg,Blue,Water,Steel
#396,1,1,1,2,0,2,1,1,0,1,1,0,2,0,1,1,1,1,Starly,0.3 m,2.0 kg,Brown,Normal,Flying
#397,1,1,1,2,0,2,1,1,0,1,1,0,2,0,1,1,1,1,Staravia,0.6 m,15.5 kg,Brown,Normal,Flying
#398,1,1,1,2,0,2,1,1,0,1,1,0,2,0,1,1,1,1,Staraptor,1.2 m,24.9 kg,Brown,Normal,Flying
#399,1,1,1,1,1,1,2,1,1,1,1,1,1,0,1,1,1,1,Bidoof,0.5 m,20.0 kg,Brown,Normal,Unknown
#400,1,0,0,2,2,0,2,1,1,1,1,1,1,0,1,1,0,1,Bibarel,1.0 m,31.5 kg,Brown,Normal,Water
#401,1,2,1,1,0,1,0,1,0,2,1,1,2,1,1,1,1,1,Kricketot,0.3 m,2.2 kg,Red,Bug,Unknown
#402,1,2,1,1,0,1,0,1,0,2,1,1,2,1,1,1,1,1,Kricketune,1.0 m,25.5 kg,Red,Bug,Unknown
#403,1,1,1,0,1,1,1,1,2,0,1,1,1,1,1,1,0,1,Shinx,0.5 m,9.5 kg,Blue,Electric,Unknown
#404,1,1,1,0,1,1,1,1,2,0,1,1,1,1,1,1,0,1,Luxio,0.9 m,30.5 kg,Blue,Electric,Unknown
#405,1,1,1,0,1,1,1,1,2,0,1,1,1,1,1,1,0,1,Luxray,1.4 m,42.0 kg,Blue,Electric,Unknown
#406,1,2,0,0,0,2,0,1,1,2,2,1,1,1,1,1,1,0,Budew,0.2 m,1.2 kg,Green,Grass,Poison
#407,1,2,0,0,0,2,0,1,1,2,2,1,1,1,1,1,1,0,Roserade,0.9 m,14.5 kg,Green,Grass,Poison
#408,0,0,2,1,2,1,2,0,2,0,1,1,1,1,1,1,2,1,Cranidos,0.9 m,31.5 kg,Blue,Rock,Unknown
#409,0,0,2,1,2,1,2,0,2,0,1,1,1,1,1,1,2,1,Rampardos,1.6 m,102.5 kg,Blue,Rock,Unknown
#410,0,1,2,1,1,0,4,0,4,0,0,0,0,1,0,1,1,0,Shieldon,0.5 m,57.0 kg,Gray,Rock,Steel
#411,0,1,2,1,1,0,4,0,4,0,0,0,0,1,0,1,1,0,Bastiodon,1.3 m,149.5 kg,Gray,Rock,Steel
#412,1,2,1,1,0,1,0,1,0,2,1,1,2,1,1,1,1,1,Burmy,0.2 m,3.4 kg,Green,Bug,Unknown
#413,1,4,0,0,0,2,0,2,0,4,1,2,2,1,1,1,1,1,Wormadam,0.5 m,6.5 kg,Green,Bug,Grass
#414,1,2,1,2,0,2,0,1,0,2,1,0,4,1,1,1,1,1,Mothim,0.9 m,23.3 kg,Yellow,Bug,Flying
#415,1,2,1,2,0,2,0,1,0,2,1,0,4,1,1,1,1,1,Combee,0.3 m,5.5 kg,Yellow,Bug,Flying
#416,1,2,1,2,0,2,0,1,0,2,1,0,4,1,1,1,1,1,Vespiquen,1.2 m,38.5 kg,Yellow,Bug,Flying
#417,1,1,1,0,1,1,1,1,2,0,1,1,1,1,1,1,0,1,Pachirisu,0.4 m,3.9 kg,White,Electric,Unknown
#418,1,0,0,2,2,0,1,1,1,1,1,1,1,1,1,1,0,1,Buizel,0.7 m,29.5 kg,Brown,Water,Unknown
#419,1,0,0,2,2,0,1,1,1,1,1,1,1,1,1,1,0,1,Floatzel,1.1 m,33.5 kg,Brown,Water,Unknown
#420,1,2,0,0,0,2,1,2,0,2,1,2,1,1,1,1,1,1,Cherubi,0.4 m,3.3 kg,Pink,Grass,Unknown
#421,1,2,0,0,0,2,1,2,0,2,1,2,1,1,1,1,1,1,Cherrim,0.5 m,9.3 kg,Purple,Grass,Unknown
#422,1,0,0,2,2,0,1,1,1,1,1,1,1,1,1,1,0,1,Shellos,0.3 m,6.3 kg,Purple,Water,Unknown
#423,1,0,1,0,4,1,1,0,1,1,1,1,0,1,1,1,0,1,Gastrodon,0.9 m,29.9 kg,Purple,Water,Ground
#424,1,1,1,1,1,1,2,1,1,1,1,1,1,0,1,1,1,1,Ambipom,1.2 m,20.3 kg,Purple,Normal,Unknown
#425,0,1,1,2,0,2,0,0,0,1,1,0,2,2,1,2,1,1,Drifloon,0.4 m,1.2 kg,Purple,Ghost,Flying
#426,0,1,1,2,0,2,0,0,0,1,1,0,2,2,1,2,1,1,Drifblim,1.2 m,15.0 kg,Purple,Ghost,Flying
#427,1,1,1,1,1,1,2,1,1,1,1,1,1,0,1,1,1,1,Buneary,0.4 m,5.5 kg,Brown,Normal,Unknown
#428,1,1,1,1,1,1,2,1,1,1,1,1,1,0,1,1,1,1,Lopunny,1.2 m,33.3 kg,Brown,Normal,Unknown
#429,0,1,1,1,1,1,0,0,1,1,1,0,1,2,1,2,1,1,Mismagius,0.9 m,4.4 kg,Purple,Ghost,Unknown
#430,1,1,1,2,0,2,1,1,0,1,0,1,2,0,1,0,1,2,Honchkrow,0.9 m,27.3 kg,Black,Dark,Flying
#431,1,1,1,1,1,1,2,1,1,1,1,1,1,0,1,1,1,1,Glameow,0.5 m,3.9 kg,Gray,Normal,Unknown
#432,1,1,1,1,1,1,2,1,1,1,1,1,1,0,1,1,1,1,Purugly,1.0 m,43.8 kg,Gray,Normal,Unknown
#433,1,1,1,1,1,1,0,1,1,1,0,2,1,2,1,2,1,1,Chingling,0.2 m,0.6 kg,Yellow,Psychic,Unknown
#434,1,1,1,1,0,1,1,0,2,1,0,1,1,0,1,0,1,1,Stunky,0.4 m,19.2 kg,Purple,Poison,Dark
#435,1,1,1,1,0,1,1,0,2,1,0,1,1,0,1,0,1,1,Skuntank,1.0 m,38.0 kg,Purple,Poison,Dark
#436,0,2,1,1,0,0,1,0,2,0,0,1,0,2,0,2,0,0,Bronzor,0.5 m,60.5 kg,Green,Steel,Psychic
#437,0,2,1,1,0,0,1,0,2,0,0,1,0,2,0,2,0,0,Bronzong,1.3 m,187.0 kg,Green,Steel,Psychic
#438,0,0,2,1,2,1,2,0,2,0,1,1,1,1,1,1,2,1,Bonsly,0.5 m,15.0 kg,Brown,Rock,Unknown
#439,1,1,1,1,1,1,0,2,1,1,0,1,1,2,0,1,2,1,Mime Jr.,0.6 m,13.0 kg,Pink,Psychic,Fairy
#440,1,1,1,1,1,1,2,1,1,1,1,1,1,0,1,1,1,1,Happiny,0.6 m,24.4 kg,Pink,Normal,Unknown
#441,1,1,1,2,0,2,1,1,0,1,1,0,2,0,1,1,1,1,Chatot,0.5 m,1.9 kg,Black,Normal,Flying
#442,0,1,1,1,1,1,0,0,1,1,0,1,1,1,1,1,1,2,Spiritomb,1.0 m,108.0 kg,Purple,Ghost,Dark
#443,1,0,1,0,1,4,1,0,1,1,1,1,0,1,2,1,1,2,Gible,0.7 m,20.5 kg,Blue,Dragon,Ground
#444,1,0,1,0,1,4,1,0,1,1,1,1,0,1,2,1,1,2,Gabite,1.4 m,56.0 kg,Blue,Dragon,Ground
#445,1,0,1,0,1,4,1,0,1,1,1,1,0,1,2,1,1,2,Garchomp,1.9 m,95.0 kg,Blue,Dragon,Ground
#446,1,1,1,1,1,1,2,1,1,1,1,1,1,0,1,1,1,1,Munchlax,0.6 m,105.0 kg,Black,Normal,Unknown
#447,1,1,1,1,1,1,1,1,1,2,2,0,0,1,1,0,1,2,Riolu,0.7 m,20.2 kg,Blue,Fighting,Unknown
#448,0,2,1,1,0,0,2,0,2,1,1,0,0,1,0,0,0,1,Lucario,1.2 m,54.0 kg,Blue,Fighting,Steel
#449,1,1,2,0,2,2,1,0,1,1,1,1,0,1,1,1,1,1,Hippopotas,0.8 m,49.5 kg,Brown,Ground,Unknown
#450,1,1,2,0,2,2,1,0,1,1,1,1,0,1,1,1,1,1,Hippowdon,2.0 m,300.0 kg,Brown,Ground,Unknown
#451,1,2,1,1,0,1,0,0,1,2,2,0,2,1,1,1,1,0,Skorupi,0.8 m,12.0 kg,Purple,Poison,Bug
#452,1,1,1,1,0,1,1,0,2,1,0,1,1,0,1,0,1,1,Drapion,1.3 m,61.5 kg,Purple,Poison,Dark
#453,1,1,1,1,0,1,0,0,2,2,4,0,0,1,1,0,1,1,Croagunk,0.7 m,23.0 kg,Blue,Poison,Fighting
#454,1,1,1,1,0,1,0,0,2,2,4,0,0,1,1,0,1,1,Toxicroak,1.3 m,44.4 kg,Blue,Poison,Fighting
#455,1,2,0,0,0,2,1,2,0,2,1,2,1,1,1,1,1,1,Carnivine,1.4 m,27.0 kg,Green,Grass,Unknown
#456,1,0,0,2,2,0,1,1,1,1,1,1,1,1,1,1,0,1,Finneon,0.4 m,7.0 kg,Blue,Water,Unknown
#457,1,0,0,2,2,0,1,1,1,1,1,1,1,1,1,1,0,1,Lumineon,1.2 m,24.0 kg,Blue,Water,Unknown
#458,1,0,0,4,1,1,0,1,0,1,1,0,2,1,1,1,0,1,Mantyke,1.0 m,65.0 kg,Blue,Water,Flying
#459,1,4,0,0,0,1,2,2,0,2,1,2,2,1,1,1,2,1,Snover,1.0 m,50.5 kg,White,Grass,Ice
#460,1,4,0,0,0,1,2,2,0,2,1,2,2,1,1,1,2,1,Abomasnow,2.2 m,135.5 kg,White,Grass,Ice
#461,1,2,1,1,1,0,4,1,1,1,0,2,2,0,1,0,2,2,Weavile,1.1 m,34.0 kg,Black,Dark,Ice
#462,0,2,1,0,0,0,2,0,4,0,0,0,0,1,0,1,0,0,Magnezone,1.2 m,180.0 kg,Gray,Electric,Steel
#463,1,1,1,1,1,1,2,1,1,1,1,1,1,0,1,1,1,1,Lickilicky,1.7 m,140.0 kg,Pink,Normal,Unknown
#464,0,0,4,0,4,2,2,0,2,0,1,1,0,1,1,1,2,1,Rhyperior,2.4 m,282.8 kg,Gray,Ground,Rock
#465,1,2,0,0,0,2,1,2,0,2,1,2,1,1,1,1,1,1,Tangrowth,2.0 m,128.6 kg,Blue,Grass,Unknown
#466,1,1,1,0,1,1,1,1,2,0,1,1,1,1,1,1,0,1,Electivire,1.8 m,138.6 kg,Yellow,Electric,Unknown
#467,1,0,2,1,0,0,1,1,2,1,1,0,2,1,1,1,0,0,Magmortar,1.6 m,68.0 kg,Red,Fire,Unknown
#468,1,1,1,2,0,2,0,2,0,1,1,0,2,1,0,0,2,1,Togekiss,1.5 m,38.0 kg,White,Fairy,Flying
#469,1,2,1,2,0,2,0,1,0,2,1,0,4,1,1,1,1,1,Yanmega,1.9 m,51.5 kg,Green,Bug,Flying
#470,1,2,0,0,0,2,1,2,0,2,1,2,1,1,1,1,1,1,Leafeon,1.0 m,25.5 kg,Green,Grass,Unknown
#471,1,2,1,1,1,0,2,1,1,1,1,1,2,1,1,1,2,1,Glaceon,0.8 m,25.9 kg,Blue,Ice,Unknown
#472,1,1,2,0,1,4,0,0,0,1,1,0,1,1,1,1,1,1,Gliscor,2.0 m,42.5 kg,Purple,Ground,Flying
#473,1,2,2,0,2,1,2,0,1,1,1,1,1,1,1,1,2,1,Mamoswine,2.5 m,291.0 kg,Brown,Ice,Ground
#474,1,1,1,1,1,1,2,1,1,1,1,1,1,0,1,1,1,1,Porygon-Z,0.9 m,34.0 kg,Red,Normal,Unknown
#475,1,1,1,1,1,1,0,1,1,2,1,1,0,2,1,1,1,2,Gallade,1.6 m,52.0 kg,White,Psychic,Fighting
#476,0,1,2,1,1,0,4,0,4,0,0,0,0,1,0,1,1,0,Probopass,1.4 m,340.0 kg,Gray,Rock,Steel
#477,0,1,1,1,1,1,0,0,1,1,1,0,1,2,1,2,1,1,Dusknoir,2.2 m,106.6 kg,Black,Ghost,Unknown
#478,0,2,1,1,1,0,0,0,1,1,1,0,2,2,1,2,2,1,Froslass,1.3 m,26.6 kg,White,Ice,Ghost
#479,0,1,1,0,1,1,0,0,2,0,1,0,1,2,1,2,0,1,Rotom,0.3 m,0.3 kg,Red,Electric,Ghost
#480,1,1,1,1,1,1,0,1,1,1,0,2,1,2,1,2,1,1,Uxie,0.3 m,0.3 kg,Yellow,Psychic,Unknown
#481,1,1,1,1,1,1,0,1,1,1,0,2,1,2,1,2,1,1,Mesprit,0.3 m,0.3 kg,Pink,Psychic,Unknown
#482,1,1,1,1,1,1,0,1,1,1,0,2,1,2,1,2,1,1,Azelf,0.3 m,0.3 kg,Blue,Psychic,Unknown
#483,0,1,0,0,0,1,2,0,2,0,0,0,0,1,1,1,0,1,Dialga,5.4 m,683.0 kg,White,Steel,Dragon
#484,1,0,0,1,1,1,1,1,1,1,1,1,1,1,2,1,0,2,Palkia,4.2 m,336.0 kg,Purple,Water,Dragon
#485,0,1,2,1,0,0,2,0,4,0,0,0,1,1,0,1,0,0,Heatran,1.7 m,430.0 kg,Brown,Fire,Steel
#486,1,1,1,1,1,1,2,1,1,1,1,1,1,0,1,1,1,1,Regigigas,3.7 m,420.0 kg,White,Normal,Unknown
#487,0,0,0,0,0,2,0,0,1,1,1,0,1,2,2,2,1,2,Giratina,4.5 m,750.0 kg,Black,Ghost,Dragon
#488,1,1,1,1,1,1,0,1,1,1,0,2,1,2,1,2,1,1,Cresselia,1.5 m,85.6 kg,Yellow,Psychic,Unknown
#489,1,0,0,2,2,0,1,1,1,1,1,1,1,1,1,1,0,1,Phione,0.4 m,3.1 kg,Blue,Water,Unknown
#490,1,0,0,2,2,0,1,1,1,1,1,1,1,1,1,1,0,1,Manaphy,0.3 m,1.4 kg,Blue,Water,Unknown
#491,1,1,1,1,1,1,2,1,1,1,0,2,1,0,1,0,1,2,Darkrai,1.5 m,50.5 kg,Black,Dark,Unknown
#492,1,2,0,0,0,2,1,2,0,2,1,2,1,1,1,1,1,1,Shaymin,0.2 m,2.1 kg,Green,Grass,Unknown
#493,1,1,1,1,1,1,2,1,1,1,1,1,1,0,1,1,1,1,Arceus,3.2 m,320.0 kg,White,Normal,Unknown
#494,1,0,2,1,0,0,0,1,2,1,0,1,2,2,1,2,0,0,Victini,0.4 m,4.0 kg,Yellow,Psychic,Fire
#495,1,2,0,0,0,2,1,2,0,2,1,2,1,1,1,1,1,1,Snivy,0.6 m,8.1 kg,Green,Grass,Unknown
#496,1,2,0,0,0,2,1,2,0,2,1,2,1,1,1,1,1,1,Servine,0.8 m,16.0 kg,Green,Grass,Unknown
#497,1,2,0,0,0,2,1,2,0,2,1,2,1,1,1,1,1,1,Serperior,3.3 m,63.0 kg,Green,Grass,Unknown
#498,1,0,2,1,0,0,1,1,2,1,1,0,2,1,1,1,0,0,Tepig,0.5 m,9.9 kg,Red,Fire,Unknown
#499,1,0,2,1,0,0,1,1,2,2,2,0,1,1,1,0,0,1,Pignite,1.0 m,55.5 kg,Red,Fire,Fighting
#500,1,0,2,1,0,0,1,1,2,2,2,0,1,1,1,0,0,1,Emboar,1.6 m,150.0 kg,Red,Fire,Fighting
#501,1,0,0,2,2,0,1,1,1,1,1,1,1,1,1,1,0,1,Oshawott,0.5 m,5.9 kg,Blue,Water,Unknown
#502,1,0,0,2,2,0,1,1,1,1,1,1,1,1,1,1,0,1,Dewott,0.8 m,24.5 kg,Blue,Water,Unknown
#503,1,0,0,2,2,0,1,1,1,1,1,1,1,1,1,1,0,1,Samurott,1.5 m,94.6 kg,Blue,Water,Unknown
#504,1,1,1,1,1,1,2,1,1,1,1,1,1,0,1,1,1,1,Patrat,0.5 m,11.6 kg,Brown,Normal,Unknown
#505,1,1,1,1,1,1,2,1,1,1,1,1,1,0,1,1,1,1,Watchog,1.1 m,27.0 kg,Brown,Normal,Unknown
#506,1,1,1,1,1,1,2,1,1,1,1,1,1,0,1,1,1,1,Lillipup,0.4 m,4.1 kg,Brown,Normal,Unknown
#507,1,1,1,1,1,1,2,1,1,1,1,1,1,0,1,1,1,1,Herdier,0.9 m,14.7 kg,Gray,Normal,Unknown
#508,1,1,1,1,1,1,2,1,1,1,1,1,1,0,1,1,1,1,Stoutland,1.2 m,61.0 kg,Gray,Normal,Unknown
#509,1,1,1,1,1,1,2,1,1,1,0,2,1,0,1,0,1,2,Purrloin,0.4 m,10.1 kg,Purple,Dark,Unknown
#510,1,1,1,1,1,1,2,1,1,1,0,2,1,0,1,0,1,2,Liepard,1.1 m,37.5 kg,Purple,Dark,Unknown
#511,1,2,0,0,0,2,1,2,0,2,1,2,1,1,1,1,1,1,Pansage,0.6 m,10.5 kg,Green,Grass,Unknown
#512,1,2,0,0,0,2,1,2,0,2,1,2,1,1,1,1,1,1,Simisage,1.1 m,30.5 kg,Green,Grass,Unknown
#513,1,0,2,1,0,0,1,1,2,1,1,0,2,1,1,1,0,0,Pansear,0.6 m,11.0 kg,Red,Fire,Unknown
#514,1,0,2,1,0,0,1,1,2,1,1,0,2,1,1,1,0,0,Simisear,1.0 m,28.0 kg,Red,Fire,Unknown
#515,1,0,0,2,2,0,1,1,1,1,1,1,1,1,1,1,0,1,Panpour,0.6 m,13.5 kg,Blue,Water,Unknown
#516,1,0,0,2,2,0,1,1,1,1,1,1,1,1,1,1,0,1,Simipour,1.0 m,29.0 kg,Blue,Water,Unknown
#517,1,1,1,1,1,1,0,1,1,1,0,2,1,2,1,2,1,1,Munna,0.6 m,23.3 kg,Pink,Psychic,Unknown
#518,1,1,1,1,1,1,0,1,1,1,0,2,1,2,1,2,1,1,Musharna,1.1 m,60.5 kg,Pink,Psychic,Unknown
#519,1,1,1,2,0,2,1,1,0,1,1,0,2,0,1,1,1,1,Pidove,0.3 m,2.1 kg,Gray,Normal,Flying
#520,1,1,1,2,0,2,1,1,0,1,1,0,2,0,1,1,1,1,Tranquill,0.6 m,15.0 kg,Gray,Normal,Flying
#521,1,1,1,2,0,2,1,1,0,1,1,0,2,0,1,1,1,1,Unfezant,1.2 m,29.0 kg,Gray,Normal,Flying
#522,1,1,1,0,1,1,1,1,2,0,1,1,1,1,1,1,0,1,Blitzle,0.8 m,29.8 kg,Black,Electric,Unknown
#523,1,1,1,0,1,1,1,1,2,0,1,1,1,1,1,1,0,1,Zebstrika,1.6 m,79.5 kg,Black,Electric,Unknown
#524,0,0,2,1,2,1,2,0,2,0,1,1,1,1,1,1,2,1,Roggenrola,0.4 m,18.0 kg,Blue,Rock,Unknown
#525,0,0,2,1,2,1,2,0,2,0,1,1,1,1,1,1,2,1,Boldore,0.9 m,102.0 kg,Blue,Rock,Unknown
#526,0,0,2,1,2,1,2,0,2,0,1,1,1,1,1,1,2,1,Gigalith,1.7 m,260.0 kg,Blue,Rock,Unknown
#527,1,1,1,2,0,2,0,1,0,1,0,1,2,2,1,2,1,1,Woobat,0.4 m,2.1 kg,Blue,Psychic,Flying
#528,1,1,1,2,0,2,0,1,0,1,0,1,2,2,1,2,1,1,Swoobat,0.9 m,10.5 kg,Blue,Psychic,Flying
#529,1,1,2,0,2,2,1,0,1,1,1,1,0,1,1,1,1,1,Drilbur,0.3 m,8.5 kg,Gray,Ground,Unknown
#530,0,2,2,0,1,1,2,0,2,0,0,0,0,1,0,1,0,0,Excadrill,0.7 m,40.4 kg,Gray,Ground,Steel
#531,1,1,1,1,1,1,2,1,1,1,1,1,1,0,1,1,1,1,Audino,1.1 m,31.0 kg,Pink,Normal,Unknown
#532,1,1,1,1,1,1,1,1,1,2,2,0,0,1,1,0,1,2,Timburr,0.6 m,12.5 kg,Gray,Fighting,Unknown
#533,1,1,1,1,1,1,1,1,1,2,2,0,0,1,1,0,1,2,Gurdurr,1.2 m,40.0 kg,Gray,Fighting,Unknown
#534,1,1,1,1,1,1,1,1,1,2,2,0,0,1,1,0,1,2,Conkeldurr,1.4 m,87.0 kg,Brown,Fighting,Unknown
#535,1,0,0,2,2,0,1,1,1,1,1,1,1,1,1,1,0,1,Tympole,0.5 m,4.5 kg,Blue,Water,Unknown
#536,1,0,1,0,4,1,1,0,1,1,1,1,0,1,1,1,0,1,Palpitoad,0.8 m,17.0 kg,Blue,Water,Ground
#537,1,0,1,0,4,1,1,0,1,1,1,1,0,1,1,1,0,1,Seismitoad,1.5 m,62.0 kg,Blue,Water,Ground
#538,1,1,1,1,1,1,1,1,1,2,2,0,0,1,1,0,1,2,Throh,1.3 m,55.5 kg,Red,Fighting,Unknown
#539,1,1,1,1,1,1,1,1,1,2,2,0,0,1,1,0,1,2,Sawk,1.4 m,51.0 kg,Blue,Fighting,Unknown
#540,1,4,0,0,0,2,0,2,0,4,1,2,2,1,1,1,1,1,Sewaddle,0.3 m,2.5 kg,Yellow,Bug,Grass
#541,1,4,0,0,0,2,0,2,0,4,1,2,2,1,1,1,1,1,Swadloon,0.5 m,7.3 kg,Green,Bug,Grass
#542,1,4,0,0,0,2,0,2,0,4,1,2,2,1,1,1,1,1,Leavanny,1.2 m,20.5 kg,Yellow,Bug,Grass
#543,1,2,1,1,0,1,0,0,1,2,2,0,2,1,1,1,1,0,Venipede,0.4 m,5.3 kg,Red,Bug,Poison
#544,1,2,1,1,0,1,0,0,1,2,2,0,2,1,1,1,1,0,Whirlipede,1.2 m,58.5 kg,Gray,Bug,Poison
#545,1,2,1,1,0,1,0,0,1,2,2,0,2,1,1,1,1,0,Scolipede,2.5 m,200.5 kg,Red,Bug,Poison
#546,1,2,0,0,0,2,0,4,0,2,1,1,1,1,0,0,2,1,Cottonee,0.3 m,0.6 kg,Green,Grass,Fairy
#547,1,2,0,0,0,2,0,4,0,2,1,1,1,1,0,0,2,1,Whimsicott,0.7 m,6.6 kg,Green,Grass,Fairy
#548,1,2,0,0,0,2,1,2,0,2,1,2,1,1,1,1,1,1,Petilil,0.5 m,6.6 kg,Green,Grass,Unknown
#549,1,2,0,0,0,2,1,2,0,2,1,2,1,1,1,1,1,1,Lilligant,1.1 m,16.3 kg,Green,Grass,Unknown
#550,1,0,0,2,2,0,1,1,1,1,1,1,1,1,1,1,0,1,Basculin,1.0 m,18.0 kg,Green,Water,Unknown
#551,1,1,2,0,2,2,2,0,1,1,0,2,0,0,1,0,1,2,Sandile,0.7 m,15.2 kg,Brown,Ground,Dark
#552,1,1,2,0,2,2,2,0,1,1,0,2,0,0,1,0,1,2,Krokorok,1.0 m,33.4 kg,Brown,Ground,Dark
#553,1,1,2,0,2,2,2,0,1,1,0,2,0,0,1,0,1,2,Krookodile,1.5 m,96.3 kg,Red,Ground,Dark
#554,1,0,2,1,0,0,1,1,2,1,1,0,2,1,1,1,0,0,Darumaka,0.6 m,37.5 kg,Red,Fire,Unknown
#555,1,0,2,1,0,0,1,1,2,1,1,0,2,1,1,1,0,0,Darmanitan,1.3 m,92.9 kg,Red,Fire,Unknown
#556,1,2,0,0,0,2,1,2,0,2,1,2,1,1,1,1,1,1,Maractus,1.0 m,28.0 kg,Green,Grass,Unknown
#557,0,1,2,1,1,1,1,0,1,1,1,1,2,1,1,1,2,1,Dwebble,0.3 m,14.5 kg,Red,Bug,Rock
#558,0,1,2,1,1,1,1,0,1,1,1,1,2,1,1,1,2,1,Crustle,1.4 m,200.0 kg,Red,Bug,Rock
#559,1,1,1,1,1,1,2,1,1,2,0,1,0,0,1,0,1,4,Scraggy,0.6 m,11.8 kg,Yellow,Dark,Fighting
#560,1,1,1,1,1,1,2,1,1,2,0,1,0,0,1,0,1,4,Scrafty,1.1 m,30.0 kg,Red,Dark,Fighting
#561,1,1,1,2,0,2,0,1,0,1,0,1,2,2,1,2,1,1,Sigilyph,1.4 m,14.0 kg,Black,Psychic,Flying
#562,0,1,1,1,1,1,0,0,1,1,1,0,1,2,1,2,1,1,Yamask,0.5 m,1.5 kg,Black,Ghost,Unknown
#563,0,1,1,1,1,1,0,0,1,1,1,0,1,2,1,2,1,1,Cofagrigus,1.7 m,76.5 kg,Yellow,Ghost,Unknown
#564,0,0,1,2,4,0,2,0,2,0,1,1,1,1,1,1,1,1,Tirtouga,0.7 m,16.5 kg,Blue,Water,Rock
#565,0,0,1,2,4,0,2,0,2,0,1,1,1,1,1,1,1,1,Carracosta,1.2 m,81.0 kg,Blue,Water,Rock
#566,0,0,2,2,1,2,1,0,0,0,1,0,2,1,1,1,2,1,Archen,0.5 m,9.5 kg,Yellow,Rock,Flying
#567,0,0,2,2,1,2,1,0,0,0,1,0,2,1,1,1,2,1,Archeops,1.4 m,32.0 kg,Yellow,Rock,Flying
#568,1,1,1,1,0,1,0,0,2,1,2,0,1,1,1,1,1,0,Trubbish,0.6 m,31.0 kg,Green,Poison,Unknown
#569,1,1,1,1,0,1,0,0,2,1,2,0,1,1,1,1,1,0,Garbodor,1.9 m,107.3 kg,Green,Poison,Unknown
#570,1,1,1,1,1,1,2,1,1,1,0,2,1,0,1,0,1,2,Zorua,0.7 m,12.5 kg,Gray,Dark,Unknown
#571,1,1,1,1,1,1,2,1,1,1,0,2,1,0,1,0,1,2,Zoroark,1.6 m,81.1 kg,Gray,Dark,Unknown
#572,1,1,1,1,1,1,2,1,1,1,1,1,1,0,1,1,1,1,Minccino,0.4 m,5.8 kg,Gray,Normal,Unknown
#573,1,1,1,1,1,1,2,1,1,1,1,1,1,0,1,1,1,1,Cinccino,0.5 m,7.5 kg,Gray,Normal,Unknown
#574,1,1,1,1,1,1,0,1,1,1,0,2,1,2,1,2,1,1,Gothita,0.4 m,5.8 kg,Purple,Psychic,Unknown
#575,1,1,1,1,1,1,0,1,1,1,0,2,1,2,1,2,1,1,Gothorita,0.7 m,18.0 kg,Purple,Psychic,Unknown
#576,1,1,1,1,1,1,0,1,1,1,0,2,1,2,1,2,1,1,Gothitelle,1.5 m,44.0 kg,Purple,Psychic,Unknown
#577,1,1,1,1,1,1,0,1,1,1,0,2,1,2,1,2,1,1,Solosis,0.3 m,1.0 kg,Green,Psychic,Unknown
#578,1,1,1,1,1,1,0,1,1,1,0,2,1,2,1,2,1,1,Duosion,0.6 m,8.0 kg,Green,Psychic,Unknown
#579,1,1,1,1,1,1,0,1,1,1,0,2,1,2,1,2,1,1,Reuniclus,1.0 m,20.1 kg,Green,Psychic,Unknown
#580,1,0,0,4,1,1,0,1,0,1,1,0,2,1,1,1,0,1,Ducklett,0.5 m,5.5 kg,Blue,Water,Flying
#581,1,0,0,4,1,1,0,1,0,1,1,0,2,1,1,1,0,1,Swanna,1.3 m,24.2 kg,White,Water,Flying
#582,1,2,1,1,1,0,2,1,1,1,1,1,2,1,1,1,2,1,Vanillite,0.4 m,5.7 kg,White,Ice,Unknown
#583,1,2,1,1,1,0,2,1,1,1,1,1,2,1,1,1,2,1,Vanillish,1.1 m,41.0 kg,White,Ice,Unknown
#584,1,2,1,1,1,0,2,1,1,1,1,1,2,1,1,1,2,1,Vanilluxe,1.3 m,57.5 kg,White,Ice,Unknown
#585,1,2,0,0,0,2,2,2,0,2,1,2,1,0,1,1,1,1,Deerling,0.6 m,19.5 kg,Pink,Normal,Grass
#586,1,2,0,0,0,2,2,2,0,2,1,2,1,0,1,1,1,1,Sawsbuck,1.9 m,92.5 kg,Brown,Normal,Grass
#587,1,1,1,1,0,2,0,1,0,0,1,0,2,1,1,1,0,1,Emolga,0.4 m,5.0 kg,White,Electric,Flying
#588,1,2,1,1,0,1,0,1,0,2,1,1,2,1,1,1,1,1,Karrablast,0.5 m,5.9 kg,Blue,Bug,Unknown
#589,0,4,1,1,0,0,1,0,1,1,0,0,1,1,0,1,0,0,Escavalier,1.0 m,33.0 kg,Gray,Bug,Steel
#590,1,2,0,0,0,2,0,1,1,2,2,1,1,1,1,1,1,0,Foongus,0.2 m,1.0 kg,White,Grass,Poison
#591,1,2,0,0,0,2,0,1,1,2,2,1,1,1,1,1,1,0,Amoonguss,0.6 m,10.5 kg,White,Grass,Poison
#592,0,0,0,2,2,0,0,0,1,1,1,0,1,2,1,2,0,1,Frillish,1.2 m,33.0 kg,White,Water,Ghost
#593,0,0,0,2,2,0,0,0,1,1,1,0,1,2,1,2,0,1,Jellicent,2.2 m,135.0 kg,White,Water,Ghost
#594,1,0,0,2,2,0,1,1,1,1,1,1,1,1,1,1,0,1,Alomomola,1.2 m,31.6 kg,Pink,Water,Unknown
#595,1,2,1,0,0,1,0,1,1,1,1,1,2,1,1,1,0,1,Joltik,0.1 m,0.6 kg,Yellow,Bug,Electric
#596,1,2,1,0,0,1,0,1,1,1,1,1,2,1,1,1,0,1,Galvantula,0.8 m,14.3 kg,Yellow,Bug,Electric
#597,0,4,0,0,0,1,2,0,1,1,0,1,0,1,0,1,0,0,Ferroseed,0.6 m,18.8 kg,Gray,Grass,Steel
#598,0,4,0,0,0,1,2,0,1,1,0,1,0,1,0,1,0,0,Ferrothorn,1.0 m,110.0 kg,Gray,Grass,Steel
#599,0,2,1,1,0,0,2,0,2,0,0,0,0,1,0,1,0,0,Klink,0.3 m,21.0 kg,Gray,Steel,Unknown
#600,0,2,1,1,0,0,2,0,2,0,0,0,0,1,0,1,0,0,Klang,0.6 m,51.0 kg,Gray,Steel,Unknown
#601,0,2,1,1,0,0,2,0,2,0,0,0,0,1,0,1,0,0,Klinklang,0.6 m,81.0 kg,Gray,Steel,Unknown
#602,1,1,1,0,1,1,1,1,2,0,1,1,1,1,1,1,0,1,Tynamo,0.2 m,0.3 kg,White,Electric,Unknown
#603,1,1,1,0,1,1,1,1,2,0,1,1,1,1,1,1,0,1,Eelektrik,1.2 m,22.0 kg,Blue,Electric,Unknown
#604,1,1,1,0,1,1,1,1,2,0,1,1,1,1,1,1,0,1,Eelektross,2.1 m,80.5 kg,Blue,Electric,Unknown
#605,1,1,1,1,1,1,0,1,1,1,0,2,1,2,1,2,1,1,Elgyem,0.5 m,9.0 kg,Blue,Psychic,Unknown
#606,1,1,1,1,1,1,0,1,1,1,0,2,1,2,1,2,1,1,Beheeyem,1.0 m,34.5 kg,Brown,Psychic,Unknown
#607,0,0,2,1,0,0,0,0,2,1,1,0,2,2,1,2,0,0,Litwick,0.3 m,3.1 kg,White,Ghost,Fire
#608,0,0,2,1,0,0,0,0,2,1,1,0,2,2,1,2,0,0,Lampent,0.6 m,13.0 kg,Black,Ghost,Fire
#609,0,0,2,1,0,0,0,0,2,1,1,0,2,2,1,2,0,0,Chandelure,1.0 m,34.3 kg,Black,Ghost,Fire
#610,1,0,0,0,0,2,1,1,1,1,1,1,1,1,2,1,1,2,Axew,0.6 m,18.0 kg,Green,Dragon,Unknown
#611,1,0,0,0,0,2,1,1,1,1,1,1,1,1,2,1,1,2,Fraxure,1.0 m,36.0 kg,Green,Dragon,Unknown
#612,1,0,0,0,0,2,1,1,1,1,1,1,1,1,2,1,1,2,Haxorus,1.8 m,105.5 kg,Yellow,Dragon,Unknown
#613,1,2,1,1,1,0,2,1,1,1,1,1,2,1,1,1,2,1,Cubchoo,0.5 m,8.5 kg,White,Ice,Unknown
#614,1,2,1,1,1,0,2,1,1,1,1,1,2,1,1,1,2,1,Beartic,2.6 m,260.0 kg,White,Ice,Unknown
#615,1,2,1,1,1,0,2,1,1,1,1,1,2,1,1,1,2,1,Cryogonal,1.1 m,148.0 kg,Blue,Ice,Unknown
#616,1,2,1,1,0,1,0,1,0,2,1,1,2,1,1,1,1,1,Shelmet,0.4 m,7.7 kg,Red,Bug,Unknown
#617,1,2,1,1,0,1,0,1,0,2,1,1,2,1,1,1,1,1,Accelgor,0.8 m,25.3 kg,Red,Bug,Unknown
#618,1,1,2,0,2,2,1,0,2,0,1,1,0,1,1,1,0,1,Stunfisk,0.7 m,11.0 kg,Brown,Ground,Electric
#619,1,1,1,1,1,1,1,1,1,2,2,0,0,1,1,0,1,2,Mienfoo,0.9 m,20.0 kg,Yellow,Fighting,Unknown
#620,1,1,1,1,1,1,1,1,1,2,2,0,0,1,1,0,1,2,Mienshao,1.4 m,35.5 kg,Purple,Fighting,Unknown
#621,1,0,0,0,0,2,1,1,1,1,1,1,1,1,2,1,1,2,Druddigon,1.6 m,139.0 kg,Red,Dragon,Unknown
#622,0,1,2,0,2,2,0,0,1,1,1,0,0,2,1,2,1,1,Golett,1.0 m,92.0 kg,Green,Ground,Ghost
#623,0,1,2,0,2,2,0,0,1,1,1,0,0,2,1,2,1,1,Golurk,2.8 m,330.0 kg,Green,Ground,Ghost
#624,0,2,1,1,0,0,4,0,2,0,0,1,0,0,0,0,0,1,Pawniard,0.5 m,10.2 kg,Red,Dark,Steel
#625,0,2,1,1,0,0,4,0,2,0,0,1,0,0,0,0,0,1,Bisharp,1.6 m,70.0 kg,Red,Dark,Steel
#626,1,1,1,1,1,1,2,1,1,1,1,1,1,0,1,1,1,1,Bouffalant,1.6 m,94.6 kg,Brown,Normal,Unknown
#627,1,1,1,2,0,2,1,1,0,1,1,0,2,0,1,1,1,1,Rufflet,0.5 m,10.5 kg,White,Normal,Flying
#628,1,1,1,2,0,2,1,1,0,1,1,0,2,0,1,1,1,1,Braviary,1.5 m,41.0 kg,Red,Normal,Flying
#629,1,1,1,2,0,2,1,1,0,1,0,1,2,0,1,0,1,2,Vullaby,0.5 m,9.0 kg,Brown,Dark,Flying
#630,1,1,1,2,0,2,1,1,0,1,0,1,2,0,1,0,1,2,Mandibuzz,1.2 m,39.5 kg,Brown,Dark,Flying
#631,1,0,2,1,0,0,1,1,2,1,1,0,2,1,1,1,0,0,Heatmor,1.4 m,58.0 kg,Red,Fire,Unknown
#632,0,4,1,1,0,0,1,0,1,1,0,0,1,1,0,1,0,0,Durant,0.3 m,33.0 kg,Gray,Bug,Steel
#633,1,0,0,0,0,2,2,1,1,1,0,2,1,0,2,0,1,4,Deino,0.8 m,17.3 kg,Blue,Dark,Dragon
#634,1,0,0,0,0,2,2,1,1,1,0,2,1,0,2,0,1,4,Zweilous,1.4 m,50.0 kg,Blue,Dark,Dragon
#635,1,0,0,0,0,2,2,1,1,1,0,2,1,0,2,0,1,4,Hydreigon,1.8 m,160.0 kg,Blue,Dark,Dragon
#636,1,1,2,1,0,0,0,1,1,2,1,0,4,1,1,1,0,0,Larvesta,1.1 m,28.8 kg,White,Bug,Fire
#637,1,1,2,1,0,0,0,1,1,2,1,0,4,1,1,1,0,0,Volcarona,1.6 m,46.0 kg,White,Bug,Fire
#638,0,2,1,1,0,0,2,0,2,1,1,0,0,1,0,0,0,1,Cobalion,2.1 m,250.0 kg,Blue,Steel,Fighting
#639,0,0,2,1,2,1,2,0,2,1,2,0,0,1,1,0,2,2,Terrakion,1.9 m,260.0 kg,Gray,Rock,Fighting
#640,1,2,0,0,0,2,1,2,0,4,2,1,0,1,1,0,1,2,Virizion,2.0 m,200.0 kg,Green,Grass,Fighting
#641,1,1,1,2,0,2,0,1,0,1,1,0,2,1,1,1,1,1,Tornadus,1.5 m,63.0 kg,Green,Flying,Unknown
#642,1,1,1,1,0,2,0,1,0,0,1,0,2,1,1,1,0,1,Thundurus,1.5 m,61.0 kg,Blue,Electric,Flying
#643,1,0,1,0,0,1,1,1,2,1,1,0,2,1,2,1,0,1,Reshiram,3.2 m,330.0 kg,White,Dragon,Fire
#644,1,0,0,0,0,2,1,1,2,0,1,1,1,1,2,1,0,2,Zekrom,2.9 m,345.0 kg,Black,Dragon,Electric
#645,1,1,2,0,1,4,0,0,0,1,1,0,1,1,1,1,1,1,Landorus,1.5 m,68.0 kg,Brown,Ground,Flying
#646,1,1,0,0,0,1,2,1,1,1,1,1,2,1,2,1,2,2,Kyurem,3.0 m,325.0 kg,Gray,Dragon,Ice
#647,1,0,0,2,2,0,1,1,1,2,2,0,0,1,1,0,0,2,Keldeo,1.4 m,48.5 kg,Yellow,Water,Fighting
#648,1,1,1,1,1,1,1,1,1,1,0,2,1,0,1,2,1,1,Meloetta,0.6 m,6.5 kg,White,Normal,Psychic
#649,0,4,1,1,0,0,1,0,1,1,0,0,1,1,0,1,0,0,Genesect,1.5 m,82.5 kg,Purple,Bug,Steel
#650,1,2,0,0,0,2,1,2,0,2,1,2,1,1,1,1,1,1,Chespin,0.4 m,9.0 kg,Green,Grass,Unknown
#651,1,2,0,0,0,2,1,2,0,2,1,2,1,1,1,1,1,1,Quilladin,0.7 m,29.0 kg,Green,Grass,Unknown
#652,1,2,0,0,0,2,1,2,0,4,2,1,0,1,1,0,1,2,Chesnaught,1.6 m,90.0 kg,Green,Grass,Fighting
#653,1,0,2,1,0,0,1,1,2,1,1,0,2,1,1,1,0,0,Fennekin,0.4 m,9.4 kg,Red,Fire,Unknown
#654,1,0,2,1,0,0,1,1,2,1,1,0,2,1,1,1,0,0,Braixen,1.0 m,14.5 kg,Red,Fire,Unknown
#655,1,0,2,1,0,0,0,1,2,1,0,1,2,2,1,2,0,0,Delphox,1.5 m,39.0 kg,Red,Fire,Psychic
#656,1,0,0,2,2,0,1,1,1,1,1,1,1,1,1,1,0,1,Froakie,0.3 m,7.0 kg,Blue,Water,Unknown
#657,1,0,0,2,2,0,1,1,1,1,1,1,1,1,1,1,0,1,Frogadier,0.6 m,10.9 kg,Blue,Water,Unknown
#658,1,0,0,2,2,0,2,1,1,1,0,2,1,0,1,0,0,2,Greninja,1.5 m,40.0 kg,Blue,Water,Dark
#659,1,1,1,1,1,1,2,1,1,1,1,1,1,0,1,1,1,1,Bunnelby,0.4 m,5.0 kg,Brown,Normal,Unknown
#660,1,1,2,0,2,2,2,0,1,1,1,1,0,0,1,1,1,1,Diggersby,1.0 m,42.4 kg,Brown,Normal,Ground
#661,1,1,1,2,0,2,1,1,0,1,1,0,2,0,1,1,1,1,Fletchling,0.3 m,1.7 kg,Red,Normal,Flying
#662,1,0,2,2,0,1,0,1,0,1,1,0,4,1,1,1,0,0,Fletchinder,0.7 m,16.0 kg,Red,Fire,Flying
#663,1,0,2,2,0,1,0,1,0,1,1,0,4,1,1,1,0,0,Talonflame,1.2 m,24.5 kg,Red,Fire,Flying
#664,1,2,1,1,0,1,0,1,0,2,1,1,2,1,1,1,1,1,Scatterbug,0.3 m,2.5 kg,Black,Bug,Unknown
#665,1,2,1,1,0,1,0,1,0,2,1,1,2,1,1,1,1,1,Spewpa,0.3 m,8.4 kg,Black,Bug,Unknown
#666,1,2,1,2,0,2,0,1,0,2,1,0,4,1,1,1,1,1,Vivillon,1.2 m,17.0 kg,White,Bug,Flying
#667,1,0,2,1,0,0,2,1,2,1,1,0,2,0,1,1,0,0,Litleo,0.6 m,13.5 kg,Brown,Fire,Normal
#668,1,0,2,1,0,0,2,1,2,1,1,0,2,0,1,1,0,0,Pyroar,1.5 m,81.5 kg,Brown,Fire,Normal
#669,1,1,1,1,1,1,0,2,1,1,1,0,1,1,0,0,2,1,Flabébé,0.1 m,0.1 kg,White,Fairy,Unknown
#670,1,1,1,1,1,1,0,2,1,1,1,0,1,1,0,0,2,1,Floette,0.2 m,0.9 kg,White,Fairy,Unknown
#671,1,1,1,1,1,1,0,2,1,1,1,0,1,1,0,0,2,1,Florges,1.1 m,10.0 kg,White,Fairy,Unknown
#672,1,2,0,0,0,2,1,2,0,2,1,2,1,1,1,1,1,1,Skiddo,0.9 m,31.0 kg,Brown,Grass,Unknown
#673,1,2,0,0,0,2,1,2,0,2,1,2,1,1,1,1,1,1,Gogoat,1.7 m,91.0 kg,Brown,Grass,Unknown
#674,1,1,1,1,1,1,1,1,1,2,2,0,0,1,1,0,1,2,Pancham,0.6 m,8.0 kg,White,Fighting,Unknown
#675,1,1,1,1,1,1,2,1,1,2,0,1,0,0,1,0,1,4,Pangoro,2.1 m,136.0 kg,White,Fighting,Dark
#676,1,1,1,1,1,1,2,1,1,1,1,1,1,0,1,1,1,1,Furfrou,1.2 m,28.0 kg,White,Normal,Unknown
#677,1,1,1,1,1,1,0,1,1,1,0,2,1,2,1,2,1,1,Espurr,0.3 m,3.5 kg,Gray,Psychic,Unknown
#678,1,1,1,1,1,1,0,1,1,1,0,2,1,2,1,2,1,1,Meowstic,0.6 m,8.5 kg,Blue,Psychic,Unknown
#679,0,2,1,1,0,0,0,0,2,0,0,0,0,2,0,2,0,0,Honedge,0.8 m,2.0 kg,Brown,Steel,Ghost
#680,0,2,1,1,0,0,0,0,2,0,0,0,0,2,0,2,0,0,Doublade,0.8 m,4.5 kg,Brown,Steel,Ghost
#681,0,2,1,1,0,0,0,0,2,0,0,0,0,2,0,2,0,0,Aegislash,1.7 m,53.0 kg,Brown,Steel,Ghost
#682,1,1,1,1,1,1,0,2,1,1,1,0,1,1,0,0,2,1,Spritzee,0.2 m,0.5 kg,Pink,Fairy,Unknown
#683,1,1,1,1,1,1,0,2,1,1,1,0,1,1,0,0,2,1,Aromatisse,0.8 m,15.5 kg,Pink,Fairy,Unknown
#684,1,1,1,1,1,1,0,2,1,1,1,0,1,1,0,0,2,1,Swirlix,0.4 m,3.5 kg,White,Fairy,Unknown
#685,1,1,1,1,1,1,0,2,1,1,1,0,1,1,0,0,2,1,Slurpuff,0.8 m,5.0 kg,White,Fairy,Unknown
#686,1,1,1,1,1,1,1,1,1,1,0,4,1,1,1,1,1,2,Inkay,0.4 m,3.5 kg,Blue,Dark,Psychic
#687,1,1,1,1,1,1,1,1,1,1,0,4,1,1,1,1,1,2,Malamar,1.5 m,47.0 kg,Blue,Dark,Psychic
#688,0,0,1,2,4,0,2,0,2,0,1,1,1,1,1,1,1,1,Binacle,0.5 m,31.0 kg,Brown,Rock,Water
#689,0,0,1,2,4,0,2,0,2,0,1,1,1,1,1,1,1,1,Barbaracle,1.3 m,96.0 kg,Brown,Rock,Water
#690,1,0,0,2,1,0,0,0,2,1,2,0,1,1,1,1,0,0,Skrelp,0.5 m,7.3 kg,Brown,Poison,Water
#691,1,0,0,0,0,2,0,0,2,1,2,0,1,1,2,1,1,1,Dragalge,1.8 m,81.5 kg,Brown,Poison,Dragon
#692,1,0,0,2,2,0,1,1,1,1,1,1,1,1,1,1,0,1,Clauncher,0.5 m,8.3 kg,Blue,Water,Unknown
#693,1,0,0,2,2,0,1,1,1,1,1,1,1,1,1,1,0,1,Clawitzer,1.3 m,35.3 kg,Blue,Water,Unknown
#694,1,1,1,0,1,1,2,1,2,0,1,1,1,0,1,1,0,1,Helioptile,0.5 m,6.0 kg,Yellow,Electric,Normal
#695,1,1,1,0,1,1,2,1,2,0,1,1,1,0,1,1,0,1,Heliolisk,1.0 m,21.0 kg,Yellow,Electric,Normal
#696,0,0,1,0,1,2,2,0,2,0,1,1,1,1,2,1,2,2,Tyrunt,0.8 m,26.0 kg,Brown,Rock,Dragon
#697,0,0,1,0,1,2,2,0,2,0,1,1,1,1,2,1,2,2,Tyrantrum,2.5 m,270.0 kg,Red,Rock,Dragon
#698,0,1,2,1,2,0,4,0,2,0,1,1,2,1,1,1,4,1,Amaura,1.3 m,25.2 kg,Blue,Rock,Ice
#699,0,1,2,1,2,0,4,0,2,0,1,1,2,1,1,1,4,1,Aurorus,2.7 m,225.0 kg,Blue,Rock,Ice
#700,1,1,1,1,1,1,0,2,1,1,1,0,1,1,0,0,2,1,Sylveon,1.0 m,23.5 kg,Pink,Fairy,Unknown
#701,1,1,1,2,0,2,0,1,0,2,2,0,1,1,1,0,1,2,Hawlucha,0.8 m,21.5 kg,Green,Fighting,Flying
#702,1,1,1,0,1,1,0,2,2,0,1,0,1,1,0,0,1,1,Dedenne,0.2 m,2.2 kg,Yellow,Electric,Fairy
#703,0,0,2,1,2,1,1,1,2,0,1,0,1,1,0,0,4,1,Carbink,0.3 m,5.7 kg,Gray,Rock,Fairy
#704,1,0,0,0,0,2,1,1,1,1,1,1,1,1,2,1,1,2,Goomy,0.3 m,2.8 kg,Purple,Dragon,Unknown
#705,1,0,0,0,0,2,1,1,1,1,1,1,1,1,2,1,1,2,Sliggoo,0.8 m,17.5 kg,Purple,Dragon,Unknown
#706,1,0,0,0,0,2,1,1,1,1,1,1,1,1,2,1,1,2,Goodra,2.0 m,150.5 kg,Purple,Dragon,Unknown
#707,0,2,1,1,0,0,1,0,2,0,0,0,0,1,0,0,1,0,Klefki,0.2 m,3.0 kg,Gray,Steel,Fairy
#708,0,2,0,0,0,2,0,1,0,2,1,1,1,2,1,2,1,1,Phantump,0.4 m,7.0 kg,Brown,Ghost,Grass
#709,0,2,0,0,0,2,0,1,0,2,1,1,1,2,1,2,1,1,Trevenant,1.5 m,71.0 kg,Brown,Ghost,Grass
#710,0,2,0,0,0,2,0,1,0,2,1,1,1,2,1,2,1,1,Pumpkaboo,0.3 m,3.5 kg,Brown,Ghost,Grass
#711,0,2,0,0,0,2,0,1,0,2,1,1,1,2,1,2,1,1,Gourgeist,0.7 m,9.5 kg,Brown,Ghost,Grass
#712,1,2,1,1,1,0,2,1,1,1,1,1,2,1,1,1,2,1,Bergmite,1.0 m,99.5 kg,Blue,Ice,Unknown
#713,1,2,1,1,1,0,2,1,1,1,1,1,2,1,1,1,2,1,Avalugg,2.0 m,505.0 kg,Blue,Ice,Unknown
#714,1,0,0,1,0,4,0,1,0,1,1,0,2,1,2,1,1,2,Noibat,0.5 m,8.0 kg,Purple,Flying,Dragon
#715,1,0,0,1,0,4,0,1,0,1,1,0,2,1,2,1,1,2,Noivern,1.5 m,85.0 kg,Purple,Flying,Dragon
#716,1,1,1,1,1,1,0,2,1,1,1,0,1,1,0,0,2,1,Xerneas,3.0 m,215.0 kg,Blue,Fairy,Unknown
#717,1,1,1,2,0,2,1,1,0,1,0,1,2,0,1,0,1,2,Yveltal,5.8 m,203.0 kg,Red,Dark,Flying
#718,1,0,1,0,1,4,1,0,1,1,1,1,0,1,2,1,1,2,Zygarde,5.0 m,305.0 kg,Green,Dragon,Ground
#719,0,0,2,1,2,1,1,1,2,0,1,0,1,1,0,0,4,1,Diancie,0.7 m,8.8 kg,Pink,Rock,Fairy
#720,0,1,1,1,1,1,0,0,1,1,0,1,1,4,1,4,1,1,Hoopa,0.5 m,9.0 kg,Purple,Psychic,Ghost
#721,1,0,1,2,1,0,1,1,2,1,1,0,2,1,1,1,0,0,Volcanion,1.7 m,195.0 kg,Brown,Fire,Water
#722,1,2,0,1,0,4,0,2,0,2,1,1,2,1,1,1,1,1,Rowlet,0.3 m,1.5 kg,Brown,Grass,Flying
#723,1,2,0,1,0,4,0,2,0,2,1,1,2,1,1,1,1,1,Dartrix,0.7 m,16.0 kg,Brown,Grass,Flying
#724,0,2,0,0,0,2,0,1,0,2,1,1,1,2,1,2,1,1,Decidueye,1.6 m,36.6 kg,Brown,Grass,Ghost
#725,1,0,2,1,0,0,1,1,2,1,1,0,2,1,1,1,0,0,Litten,0.4 m,4.3 kg,Red,Fire,Unknown
#726,1,0,2,1,0,0,1,1,2,1,1,0,2,1,1,1,0,0,Torracat,0.7 m,25.0 kg,Red,Fire,Unknown
#727,1,0,2,1,0,0,2,1,2,1,0,1,2,0,1,0,0,1,Incineroar,1.8 m,83.0 kg,Red,Fire,Dark
#728,1,0,0,2,2,0,1,1,1,1,1,1,1,1,1,1,0,1,Popplio,0.4 m,7.5 kg,Blue,Water,Unknown
#729,1,0,0,2,2,0,1,1,1,1,1,1,1,1,1,1,0,1,Brionne,0.6 m,17.5 kg,Blue,Water,Unknown
#730,1,0,0,2,2,0,0,2,1,1,1,0,1,1,0,0,1,1,Primarina,1.8 m,44.0 kg,Blue,Water,Fairy
#731,1,1,1,2,0,2,1,1,0,1,1,0,2,0,1,1,1,1,Pikipek,0.3 m,1.2 kg,Black,Normal,Flying
#732,1,1,1,2,0,2,1,1,0,1,1,0,2,0,1,1,1,1,Trumbeak,0.6 m,14.8 kg,Black,Normal,Flying
#733,1,1,1,2,0,2,1,1,0,1,1,0,2,0,1,1,1,1,Toucannon,1.1 m,26.0 kg,Black,Normal,Flying
#734,1,1,1,1,1,1,2,1,1,1,1,1,1,0,1,1,1,1,Yungoos,0.4 m,6.0 kg,Brown,Normal,Unknown
#735,1,1,1,1,1,1,2,1,1,1,1,1,1,0,1,1,1,1,Gumshoos,0.7 m,14.2 kg,Brown,Normal,Unknown
#736,1,2,1,1,0,1,0,1,0,2,1,1,2,1,1,1,1,1,Grubbin,0.4 m,4.4 kg,Gray,Bug,Unknown
#737,1,2,1,0,0,1,0,1,1,1,1,1,2,1,1,1,0,1,Charjabug,0.5 m,10.5 kg,Green,Bug,Electric
#738,1,2,1,0,0,1,0,1,1,1,1,1,2,1,1,1,0,1,Vikavolt,1.5 m,45.0 kg,Blue,Bug,Electric
#739,1,1,1,1,1,1,1,1,1,2,2,0,0,1,1,0,1,2,Crabrawler,0.6 m,7.0 kg,Purple,Fighting,Unknown
#740,1,2,1,1,1,0,2,1,1,2,2,0,1,1,1,0,2,2,Crabominable,1.7 m,180.0 kg,White,Fighting,Ice
#741,1,0,2,2,0,1,0,1,0,1,1,0,4,1,1,1,0,0,Oricorio,0.6 m,3.4 kg,Red,Fire,Flying
#742,1,2,1,1,0,1,0,2,0,2,1,0,2,1,0,0,2,1,Cutiefly,0.1 m,0.2 kg,Yellow,Bug,Fairy
#743,1,2,1,1,0,1,0,2,0,2,1,0,2,1,0,0,2,1,Ribombee,0.2 m,0.5 kg,Yellow,Bug,Fairy
#744,0,0,2,1,2,1,2,0,2,0,1,1,1,1,1,1,2,1,Rockruff,0.5 m,9.2 kg,Brown,Rock,Unknown
#745,0,0,2,1,2,1,2,0,2,0,1,1,1,1,1,1,2,1,Lycanroc,0.8 m,25.0 kg,Brown,Rock,Unknown
#746,1,0,0,2,2,0,1,1,1,1,1,1,1,1,1,1,0,1,Wishiwashi,0.2 m,0.3 kg,Blue,Water,Unknown
#747,1,0,0,2,1,0,0,0,2,1,2,0,1,1,1,1,0,0,Mareanie,0.4 m,8.0 kg,Blue,Poison,Water
#748,1,0,0,2,1,0,0,0,2,1,2,0,1,1,1,1,0,0,Toxapex,0.7 m,14.5 kg,Blue,Poison,Water
#749,1,1,2,0,2,2,1,0,1,1,1,1,0,1,1,1,1,1,Mudbray,1.0 m,110.0 kg,Brown,Ground,Unknown
#750,1,1,2,0,2,2,1,0,1,1,1,1,0,1,1,1,1,1,Mudsdale,2.5 m,920.0 kg,Brown,Ground,Unknown
#751,1,1,0,2,1,0,0,1,0,2,1,1,2,1,1,1,0,1,Dewpider,0.3 m,4.0 kg,Green,Water,Bug
#752,1,1,0,2,1,0,0,1,0,2,1,1,2,1,1,1,0,1,Araquanid,1.8 m,82.0 kg,Green,Water,Bug
#753,1,2,0,0,0,2,1,2,0,2,1,2,1,1,1,1,1,1,Fomantis,0.3 m,1.5 kg,Pink,Grass,Unknown
#754,1,2,0,0,0,2,1,2,0,2,1,2,1,1,1,1,1,1,Lurantis,0.9 m,18.5 kg,Pink,Grass,Unknown
#755,1,2,0,0,0,2,0,4,0,2,1,1,1,1,0,0,2,1,Morelull,0.2 m,1.5 kg,Purple,Grass,Fairy
#756,1,2,0,0,0,2,0,4,0,2,1,1,1,1,0,0,2,1,Shiinotic,1.0 m,11.5 kg,Purple,Grass,Fairy
#757,1,0,2,1,0,0,0,0,4,1,2,0,2,1,1,1,0,0,Salandit,0.6 m,4.8 kg,Black,Poison,Fire
#758,1,0,2,1,0,0,0,0,4,1,2,0,2,1,1,1,0,0,Salazzle,1.2 m,22.2 kg,Black,Poison,Fire
#759,1,1,1,1,1,1,2,1,1,2,2,0,0,0,1,0,1,2,Stufful,0.5 m,6.8 kg,Pink,Normal,Fighting
#760,1,1,1,1,1,1,2,1,1,2,2,0,0,0,1,0,1,2,Bewear,2.1 m,135.0 kg,Pink,Normal,Fighting
#761,1,2,0,0,0,2,1,2,0,2,1,2,1,1,1,1,1,1,Bounsweet,0.3 m,3.2 kg,Purple,Grass,Unknown
#762,1,2,0,0,0,2,1,2,0,2,1,2,1,1,1,1,1,1,Steenee,0.7 m,8.2 kg,Purple,Grass,Unknown
#763,1,2,0,0,0,2,1,2,0,2,1,2,1,1,1,1,1,1,Tsareena,1.2 m,21.4 kg,Purple,Grass,Unknown
#764,1,1,1,1,1,1,0,2,1,1,1,0,1,1,0,0,2,1,Comfey,0.1 m,0.3 kg,Green,Fairy,Unknown
#765,1,1,1,1,1,1,1,1,1,1,0,2,1,0,1,2,1,1,Oranguru,1.5 m,76.0 kg,White,Normal,Psychic
#766,1,1,1,1,1,1,1,1,1,2,2,0,0,1,1,0,1,2,Passimian,2.0 m,82.8 kg,White,Fighting,Unknown
#767,1,1,0,2,1,0,0,1,0,2,1,1,2,1,1,1,0,1,Wimpod,0.5 m,12.0 kg,Gray,Bug,Water
#768,1,1,0,2,1,0,0,1,0,2,1,1,2,1,1,1,0,1,Golisopod,2.0 m,108.0 kg,Gray,Bug,Water
#769,0,1,2,0,2,2,0,0,1,1,1,0,0,2,1,2,1,1,Sandygast,0.5 m,70.0 kg,Brown,Ghost,Ground
#770,0,1,2,0,2,2,0,0,1,1,1,0,0,2,1,2,1,1,Palossand,1.3 m,250.0 kg,Brown,Ghost,Ground
#771,1,0,0,2,2,0,1,1,1,1,1,1,1,1,1,1,0,1,Pyukumuku,0.3 m,1.2 kg,Black,Water,Unknown
#772,1,1,1,1,1,1,2,1,1,1,1,1,1,0,1,1,1,1,Type: Null,1.9 m,120.5 kg,Gray,Normal,Unknown
#773,1,1,1,1,1,1,2,1,1,1,1,1,1,0,1,1,1,1,Silvally,2.3 m,100.5 kg,Gray,Normal,Unknown
#774,0,0,2,2,1,2,1,0,0,0,1,0,2,1,1,1,2,1,Minior,0.3 m,40.0 kg,Brown,Rock,Flying
#775,1,1,1,1,1,1,2,1,1,1,1,1,1,0,1,1,1,1,Komala,0.4 m,19.9 kg,Blue,Normal,Unknown
#776,1,0,1,0,0,1,1,1,2,1,1,0,2,1,2,1,0,1,Turtonator,2.0 m,212.0 kg,Red,Fire,Dragon
#777,0,2,1,0,0,0,2,0,4,0,0,0,0,1,0,1,0,0,Togedemaru,0.3 m,3.3 kg,Gray,Electric,Steel
#778,0,1,1,1,1,1,0,1,1,1,1,0,1,2,0,1,2,1,Mimikyu,0.2 m,0.7 kg,Yellow,Ghost,Fairy
#779,1,0,0,2,2,0,0,1,1,1,0,2,1,2,1,2,0,1,Bruxish,0.9 m,19.0 kg,Pink,Water,Psychic
#780,1,0,0,0,0,2,2,1,1,1,1,1,1,0,2,1,1,2,Drampa,3.0 m,185.0 kg,White,Normal,Dragon
#781,0,2,0,0,0,2,0,1,0,2,1,1,1,2,1,2,1,1,Dhelmise,3.9 m,210.0 kg,Green,Ghost,Grass
#782,1,0,0,0,0,2,1,1,1,1,1,1,1,1,2,1,1,2,Jangmo-o,0.6 m,29.7 kg,Gray,Dragon,Unknown
#783,1,0,0,0,0,2,1,1,1,2,2,0,0,1,2,0,1,4,Hakamo-o,1.2 m,47.0 kg,Gray,Dragon,Fighting
#784,1,0,0,0,0,2,1,1,1,2,2,0,0,1,2,0,1,4,Kommo-o,1.6 m,78.2 kg,Gray,Dragon,Fighting
#785,1,1,1,0,1,1,0,2,2,0,1,0,1,1,0,0,1,1,Tapu Koko,1.8 m,20.5 kg,Yellow,Electric,Fairy
#786,1,1,1,1,1,1,0,2,1,1,0,1,1,2,0,1,2,1,Tapu Lele,1.2 m,18.6 kg,Pink,Psychic,Fairy
#787,1,2,0,0,0,2,0,4,0,2,1,1,1,1,0,0,2,1,Tapu Bulu,1.9 m,45.5 kg,Red,Grass,Fairy
#788,1,0,0,2,2,0,0,2,1,1,1,0,1,1,0,0,1,1,Tapu Fini,1.3 m,21.2 kg,Purple,Water,Fairy
#789,1,1,1,1,1,1,0,1,1,1,0,2,1,2,1,2,1,1,Cosmog,0.2 m,0.1 kg,Blue,Psychic,Unknown
#790,1,1,1,1,1,1,0,1,1,1,0,2,1,2,1,2,1,1,Cosmoem,0.1 m,999.9 kg,Blue,Psychic,Unknown
#791,0,2,1,1,0,0,1,0,2,0,0,1,0,2,0,2,0,0,Solgaleo,3.4 m,230.0 kg,White,Psychic,Steel
#792,0,1,1,1,1,1,0,0,1,1,0,1,1,4,1,4,1,1,Lunala,4.0 m,120.0 kg,Purple,Psychic,Ghost
#793,0,0,2,1,1,1,1,0,4,0,2,0,1,1,1,1,2,0,Nihilego,1.2 m,55.5 kg,White,Rock,Poison
#794,1,2,1,1,0,1,0,1,0,4,2,0,1,1,1,0,1,2,Buzzwole,2.4 m,333.6 kg,Red,Bug,Fighting
#795,1,2,1,1,0,1,0,1,0,4,2,0,1,1,1,0,1,2,Pheromosa,1.8 m,25.0 kg,White,Bug,Fighting
#796,1,1,1,0,1,1,1,1,2,0,1,1,1,1,1,1,0,1,Xurkitree,3.8 m,100.0 kg,Black,Electric,Unknown
#797,0,2,1,2,0,1,1,0,0,0,0,0,1,1,0,1,0,0,Celesteela,9.2 m,999.9 kg,Green,Steel,Flying
#798,0,4,0,0,0,1,2,0,1,1,0,1,0,1,0,1,0,0,Kartana,0.3 m,0.1 kg,White,Grass,Steel
#799,1,0,0,0,0,2,2,1,1,1,0,2,1,0,2,0,1,4,Guzzlord,5.5 m,888.0 kg,Black,Dark,Dragon
#800,1,1,1,1,1,1,0,1,1,1,0,2,1,2,1,2,1,1,Necrozma,2.4 m,230.0 kg,Black,Psychic,Unknown
#801,0,2,1,1,0,0,1,0,2,0,0,0,0,1,0,0,1,0,Magearna,1.0 m,80.5 kg,Gray,Steel,Fairy
#802,0,1,1,1,1,1,0,0,1,2,2,0,0,2,1,1,1,2,Marshadow,0.7 m,22.2 kg,Gray,Fighting,Ghost
#803,1,1,1,1,0,1,0,0,2,1,2,0,1,1,1,1,1,0,Poipole,0.6 m,1.8 kg,Purple,Poison,Unknown
#804,1,0,0,0,0,2,0,0,2,1,2,0,1,1,2,1,1,1,,,,,,
#805,0,1,2,1,1,0,4,0,4,0,0,0,0,1,0,1,1,0,Stakataka,5.5 m,820.0 kg,Gray,Rock,Steel
#806,0,0,2,1,0,0,0,0,2,1,1,0,2,2,1,2,0,0,Blacephalon,1.8 m,13.0 kg,White,Fire,Ghost
#807,1,1,1,0,1,1,1,1,2,0,1,1,1,1,1,1,0,1,Zeraora,1.5 m,44.5 kg,Yellow,Electric,Unknown
#808,0,2,1,1,0,0,2,0,2,0,0,0,0,1,0,1,0,0,Meltan,0.2 m,8.0 kg,Gray,Steel,Unknown
#809,0,2,1,1,0,0,2,0,2,0,0,0,0,1,0,1,0,0,Melmetal,2.5 m,800.0 kg,Gray,Steel,Unknown
#810,1,2,0,0,0,2,1,2,0,2,1,2,1,1,1,1,1,1,Grookey,0.3 m,5.0 kg,Green,Grass,Unknown
#811,1,2,0,0,0,2,1,2,0,2,1,2,1,1,1,1,1,1,Thwackey,0.7 m,14.0 kg,Green,Grass,Unknown
#812,1,2,0,0,0,2,1,2,0,2,1,2,1,1,1,1,1,1,Rillaboom,2.1 m,90.0 kg,Green,Grass,Unknown
#813,1,0,2,1,0,0,1,1,2,1,1,0,2,1,1,1,0,0,Scorbunny,0.3 m,4.5 kg,White,Fire,Unknown
#814,1,0,2,1,0,0,1,1,2,1,1,0,2,1,1,1,0,0,Raboot,0.6 m,9.0 kg,Gray,Fire,Unknown
#815,1,0,2,1,0,0,1,1,2,1,1,0,2,1,1,1,0,0,Cinderace,1.4 m,33.0 kg,White,Fire,Unknown
#816,1,0,0,2,2,0,1,1,1,1,1,1,1,1,1,1,0,1,Sobble,0.3 m,4.0 kg,Blue,Water,Unknown
#817,1,0,0,2,2,0,1,1,1,1,1,1,1,1,1,1,0,1,Drizzile,0.7 m,11.5 kg,Blue,Water,Unknown
#818,1,0,0,2,2,0,1,1,1,1,1,1,1,1,1,1,0,1,Inteleon,1.9 m,45.2 kg,Blue,Water,Unknown
#819,1,1,1,1,1,1,2,1,1,1,1,1,1,0,1,1,1,1,Skwovet,0.3 m,2.5 kg,Brown,Normal,Unknown
#820,1,1,1,1,1,1,2,1,1,1,1,1,1,0,1,1,1,1,Greedent,0.6 m,6.0 kg,Brown,Normal,Unknown
#821,1,1,1,2,0,2,0,1,0,1,1,0,2,1,1,1,1,1,Rookidee,0.2 m,1.8 kg,Blue,Flying,Unknown
#822,1,1,1,2,0,2,0,1,0,1,1,0,2,1,1,1,1,1,Corvisquire,0.8 m,16.0 kg,Blue,Flying,Unknown
#823,0,2,1,2,0,1,1,0,0,0,0,0,1,1,0,1,0,0,Corviknight,2.2 m,75.0 kg,Purple,Flying,Steel
#824,1,2,1,1,0,1,0,1,0,2,1,1,2,1,1,1,1,1,Blipbug,0.4 m,8.0 kg,Blue,Bug,Unknown
#825,1,2,1,1,0,1,0,1,0,2,0,2,2,2,1,2,1,1,Dottler,0.4 m,19.5 kg,Yellow,Bug,Psychic
#826,1,2,1,1,0,1,0,1,0,2,0,2,2,2,1,2,1,1,Orbeetle,0.4 m,40.8 kg,Red,Bug,Psychic
#827,1,1,1,1,1,1,2,1,1,1,0,2,1,0,1,0,1,2,Nickit,0.6 m,8.9 kg,Brown,Dark,Unknown
#828,1,1,1,1,1,1,2,1,1,1,0,2,1,0,1,0,1,2,Thievul,1.2 m,19.9 kg,Brown,Dark,Unknown
#829,1,2,0,0,0,2,1,2,0,2,1,2,1,1,1,1,1,1,Gossifleur,0.4 m,2.2 kg,Green,Grass,Unknown
#830,1,2,0,0,0,2,1,2,0,2,1,2,1,1,1,1,1,1,Eldegoss,0.5 m,2.5 kg,Green,Grass,Unknown
#831,1,1,1,1,1,1,2,1,1,1,1,1,1,0,1,1,1,1,Wooloo,0.6 m,6.0 kg,White,Normal,Unknown
#832,1,1,1,1,1,1,2,1,1,1,1,1,1,0,1,1,1,1,Dubwool,1.3 m,43.0 kg,White,Normal,Unknown
#833,1,0,0,2,2,0,1,1,1,1,1,1,1,1,1,1,0,1,Chewtle,0.3 m,8.5 kg,Green,Water,Unknown
#834,0,0,1,2,4,0,2,0,2,0,1,1,1,1,1,1,1,1,Drednaw,1.0 m,115.5 kg,Green,Water,Rock
#835,1,1,1,0,1,1,1,1,2,0,1,1,1,1,1,1,0,1,Yamper,0.3 m,13.5 kg,Yellow,Electric,Unknown
#836,1,1,1,0,1,1,1,1,2,0,1,1,1,1,1,1,0,1,Boltund,1.0 m,34.0 kg,Yellow,Electric,Unknown
#837,0,0,2,1,2,1,2,0,2,0,1,1,1,1,1,1,2,1,Rolycoly,0.3 m,12.0 kg,Black,Rock,Unknown
#838,0,0,4,1,1,0,2,0,4,0,1,0,2,1,1,1,1,0,Carkol,1.1 m,78.0 kg,Black,Rock,Fire
#839,0,0,4,1,1,0,2,0,4,0,1,0,2,1,1,1,1,0,Coalossal,2.8 m,310.5 kg,Black,Rock,Fire
#840,1,1,0,0,0,4,1,2,0,2,1,2,1,1,2,1,1,2,Applin,0.2 m,0.5 kg,Green,Grass,Dragon
#841,1,1,0,0,0,4,1,2,0,2,1,2,1,1,2,1,1,2,Flapple,0.3 m,1.0 kg,Green,Grass,Dragon
#842,1,1,0,0,0,4,1,2,0,2,1,2,1,1,2,1,1,2,Appletun,0.4 m,13.0 kg,Green,Grass,Dragon
#843,1,1,2,0,2,2,1,0,1,1,1,1,0,1,1,1,1,1,Silicobra,2.2 m,7.6 kg,Green,Ground,Unknown
#844,1,1,2,0,2,2,1,0,1,1,1,1,0,1,1,1,1,1,Sandaconda,3.8 m,65.5 kg,Green,Ground,Unknown
#845,1,0,0,4,1,1,0,1,0,1,1,0,2,1,1,1,0,1,Cramorant,0.8 m,18.0 kg,Blue,Flying,Water
#846,1,0,0,2,2,0,1,1,1,1,1,1,1,1,1,1,0,1,Arrokuda,0.5 m,1.0 kg,Brown,Water,Unknown
#847,1,0,0,2,2,0,1,1,1,1,1,1,1,1,1,1,0,1,Barraskewda,1.3 m,30.0 kg,Brown,Water,Unknown
#848,1,1,1,0,0,1,0,0,4,0,2,0,1,1,1,1,0,0,Toxel,0.4 m,11.0 kg,Purple,Electric,Poison
#849,1,1,1,0,0,1,0,0,4,0,2,0,1,1,1,1,0,0,Toxtricity,1.6 m,40.0 kg,Purple,Electric,Poison
#850,1,1,2,1,0,0,0,1,1,2,1,0,4,1,1,1,0,0,Sizzlipede,0.7 m,1.0 kg,Red,Fire,Bug
#851,1,1,2,1,0,0,0,1,1,2,1,0,4,1,1,1,0,0,Centiskorch,3.0 m,120.0 kg,Red,Fire,Bug
#852,1,1,1,1,1,1,1,1,1,2,2,0,0,1,1,0,1,2,Clobbopus,0.6 m,4.0 kg,Brown,Fighting,Unknown
#853,1,1,1,1,1,1,1,1,1,2,2,0,0,1,1,0,1,2,Grapploct,1.6 m,39.0 kg,Blue,Fighting,Unknown
#854,0,1,1,1,1,1,0,0,1,1,1,0,1,2,1,2,1,1,Sinistea,0.1 m,0.2 kg,Purple,Ghost,Unknown
#855,0,1,1,1,1,1,0,0,1,1,1,0,1,2,1,2,1,1,Polteageist,0.2 m,0.4 kg,Purple,Ghost,Unknown
#856,1,1,1,1,1,1,0,1,1,1,0,2,1,2,1,2,1,1,Hatenna,0.4 m,3.4 kg,Pink,Psychic,Unknown
#857,1,1,1,1,1,1,0,1,1,1,0,2,1,2,1,2,1,1,Hattrem,0.6 m,4.8 kg,Pink,Psychic,Unknown
#858,1,1,1,1,1,1,0,2,1,1,0,1,1,2,0,1,2,1,Hatterene,2.1 m,5.1 kg,Pink,Psychic,Fairy
#859,1,1,1,1,1,1,1,2,1,1,0,1,1,0,0,0,2,2,Impidimp,0.4 m,5.5 kg,Pink,Dark,Fairy
#860,1,1,1,1,1,1,1,2,1,1,0,1,1,0,0,0,2,2,Morgrem,0.8 m,12.5 kg,Pink,Dark,Fairy
#861,1,1,1,1,1,1,1,2,1,1,0,1,1,0,0,0,2,2,Grimmsnarl,1.5 m,61.0 kg,Purple,Dark,Fairy
#862,1,1,1,1,1,1,4,1,1,1,0,2,1,0,1,0,1,2,Obstagoon,1.6 m,46.0 kg,Gray,Dark,Normal
#863,0,2,1,1,0,0,2,0,2,0,0,0,0,1,0,1,0,0,Perrserker,0.8 m,28.0 kg,Brown,Steel,Unknown
#864,0,1,1,1,1,1,0,0,1,1,1,0,1,2,1,2,1,1,Cursola,1.0 m,0.4 kg,White,Ghost,Unknown
#865,1,1,1,1,1,1,1,1,1,2,2,0,0,1,1,0,1,2,Sirfetch'd,0.8 m,117.0 kg,White,Fighting,Unknown
#866,1,2,1,1,1,0,1,1,1,1,0,2,2,2,1,2,2,1,Mr. Rime,1.5 m,58.2 kg,Purple,Ice,Psychic
#867,0,1,2,0,2,2,0,0,1,1,1,0,0,2,1,2,1,1,Runerigus,1.6 m,66.6 kg,Gray,Ground,Ghost
#868,1,1,1,1,1,1,0,2,1,1,1,0,1,1,0,0,2,1,Milcery,0.2 m,0.3 kg,White,Fairy,Unknown
#869,1,1,1,1,1,1,0,2,1,1,1,0,1,1,0,0,2,1,Alcremie,0.3 m,0.5 kg,White,Fairy,Unknown
#870,1,1,1,1,1,1,1,1,1,2,2,0,0,1,1,0,1,2,Falinks,3.0 m,62.0 kg,Yellow,Fighting,Unknown
#871,1,1,1,0,1,1,1,1,2,0,1,1,1,1,1,1,0,1,Pincurchin,0.3 m,1.0 kg,Purple,Electric,Unknown
#872,1,4,1,1,0,0,1,1,0,2,1,1,4,1,1,1,2,1,Snom,0.3 m,3.8 kg,White,Ice,Bug
#873,1,4,1,1,0,0,1,1,0,2,1,1,4,1,1,1,2,1,Frosmoth,1.3 m,42.0 kg,White,Ice,Bug
#874,0,0,2,1,2,1,2,0,2,0,1,1,1,1,1,1,2,1,Stonjourner,2.5 m,520.0 kg,Gray,Rock,Unknown
#875,1,2,1,1,1,0,2,1,1,1,1,1,2,1,1,1,2,1,Eiscue,1.4 m,89.0 kg,Blue,Ice,Unknown
#876,1,1,1,1,1,1,1,1,1,1,0,2,1,0,1,2,1,1,Indeedee,0.9 m,28.0 kg,Purple,Psychic,Normal
#877,1,1,1,0,1,1,2,1,2,0,0,2,1,0,1,0,0,2,Morpeko,0.3 m,3.0 kg,Yellow,Electric,Dark
#878,0,2,1,1,0,0,2,0,2,0,0,0,0,1,0,1,0,0,Cufant,1.2 m,100.0 kg,Yellow,Steel,Unknown
#879,0,2,1,1,0,0,2,0,2,0,0,0,0,1,0,1,0,0,Copperajah,3.0 m,650.0 kg,Green,Steel,Unknown
#880,1,0,0,0,0,2,1,1,2,0,1,1,1,1,2,1,0,2,Dracozolt,1.8 m,190.0 kg,Green,Electric,Dragon
#881,1,2,1,0,1,0,2,1,2,0,1,1,2,1,1,1,1,1,Arctozolt,2.3 m,150.0 kg,Blue,Electric,Ice
#882,1,0,0,1,1,1,1,1,1,1,1,1,1,1,2,1,0,2,Dracovish,2.3 m,215.0 kg,Green,Water,Dragon
#883,1,1,0,2,2,0,2,1,1,1,1,1,2,1,1,1,1,1,Arctovish,2.0 m,175.0 kg,Blue,Water,Ice
#884,0,1,0,0,0,1,2,0,2,0,0,0,0,1,1,1,0,1,Duraludon,1.8 m,40.0 kg,White,Steel,Dragon
#885,0,0,0,0,0,2,0,0,1,1,1,0,1,2,2,2,1,2,Dreepy,0.5 m,2.0 kg,Green,Dragon,Ghost
#886,0,0,0,0,0,2,0,0,1,1,1,0,1,2,2,2,1,2,Drakloak,1.4 m,11.0 kg,Green,Dragon,Ghost
#887,0,0,0,0,0,2,0,0,1,1,1,0,1,2,2,2,1,2,Dragapult,3.0 m,50.0 kg,Green,Dragon,Ghost
#888,1,1,1,1,1,1,0,2,1,1,1,0,1,1,0,0,2,1,Zacian,2.8 m,110.0 kg,Blue,Fairy,Unknown
#889,1,1,1,1,1,1,1,1,1,2,2,0,0,1,1,0,1,2,Zamazenta,2.9 m,210.0 kg,Red,Fighting,Unknown
#890,1,0,0,0,0,2,0,0,2,1,2,0,1,1,2,1,1,1,Eternatus,20.0 m,950.0 kg,Purple,Poison,Dragon
#891,1,1,1,1,1,1,1,1,1,2,2,0,0,1,1,0,1,2,Kubfu,0.6 m,12.0 kg,Gray,Fighting,Unknown
#892,1,1,1,1,1,1,2,1,1,2,0,1,0,0,1,0,1,4,Urshifu,1.9 m,105.0 kg,Gray,Fighting,Dark
#893,1,2,0,0,0,2,2,2,0,2,0,4,1,0,1,0,1,2,Zarude,1.8 m,70.0 kg,Black,Dark,Grass
#894,1,1,1,0,1,1,1,1,2,0,1,1,1,1,1,1,0,1,Regieleki,1.2 m,145.0 kg,Yellow,Electric,Unknown
#895,1,0,0,0,0,2,1,1,1,1,1,1,1,1,2,1,1,2,Regidrago,2.1 m,200.0 kg,Green,Dragon,Unknown
#896,1,2,1,1,1,0,2,1,1,1,1,1,2,1,1,1,2,1,Glastrier,2.2 m,800.0 kg,White,Ice,Unknown
#897,0,1,1,1,1,1,0,0,1,1,1,0,1,2,1,2,1,1,Spectrier,2.0 m,44.5 kg,Black,Ghost,Unknown
#898,1,2,0,0,0,2,0,2,0,2,0,4,1,2,1,2,1,1,Calyrex,1.1 m,7.7 kg,Green,Psychic,Grass
